decision_id,decision_question,domain,decision_level,input_states,current_implementations,current_outputs,consistent_across_consumers,conflict_summary,recommended_canonical_rule,confidence,benni_decision
DQ-01,Ist die Person im Sleep-Kontext?,uebergreifend (Person),L2/L3,bio_state,"media_policy BIO_SLEEP_VALUES={PS,S,sleeping,asleep} [E-001]; media_apply _bio_sleep={S} [E-004] UND BIO_SLEEP_CONTEXT_VALUES={PS,S} [E-005]; media_state BIO_SLEEP_VALUES={S,asleep} [E-011]; light_policy BIO_SLEEP_CONTEXTS={PS,S} [E-014]; blind_control EFFECTIVE_SLEEP_STATES={PS,S} [E-016]; notification_router BIO_SLEEP={S} [E-020]; plug_policy asleep={S} [E-022]; climate_policy bio in {S,waking} [E-200]; import.yaml {S,waking} [E-024]; toolbox_readiness {S,waking,awake} [E-025]","Pause/Resume-Block, hard_off, Rollladen-Schlafposition, Benachrichtigungs-Unterdrueckung, Steckdosen-Cut, Wake-Kandidat",NEIN,"Fuenf Lesarten: (a) PS+S = Schlaf (media_policy, light_policy, blind_control, media_apply-Repair), (b) nur S = Schlaf (media_apply-Autostart und -Nachlauf, media_state-Latch, notification_router, plug_policy), (c) S+waking = weckbar (import.yaml), (d) PS ist ueberhaupt kein gueltiger Wert (toolbox_readiness), (e) S+waking = Schlaf (climate_policy, dort mit Fail-safe-Default 'sleep'). media_apply vertritt (a) UND (b) gleichzeitig.","EMPFEHLUNG (nicht beschlossen): Einen gemeinsamen, publizierten Praedikat-Begriff einfuehren, z.B. Attribut 'sleep_context' (PS oder S) neben dem bestehenden 'sleep_confirmed'. Consumer lesen dann das Praedikat statt den Enum-Wert, und der Unterschied PS/S bleibt dort sichtbar, wo er fachlich gewollt ist (Autostart, Nachlauf).",hoch (Code-Evidenz vollstaendig),OPEN
DQ-02,Darf Musik automatisch starten?,Medien (Audio),L4,"bio_state, presence_state/away_gate, quiet_mode, radio_ready, manual_playback, audio_owner, media_device, wake_needed","media_policy.music_baseline_candidate [E-002, E-003, E-166, E-170]; media_apply.should_autostart_radio + playback_start_block_reason [E-004, E-167]",start_radio / kein Start; playback_start_block_reason,TEILWEISE,"Beide Ebenen gaten getrennt (bewusst), aber mit unterschiedlicher Sleep-Definition: bei provisional_sleep blockt die Policy, Apply nicht. Zusaetzlich existieren ungegatete Startwege ausserhalb dieser Kette (manueller UX-Radiostart, YAML-Skripte).",EMPFEHLUNG: DQ-01 zuerst entscheiden; danach beide Ebenen auf dasselbe Sleep-Praedikat ziehen und die Start-Autoritaet ausserhalb der Kette separat behandeln.,hoch,OPEN
DQ-03,Darf Resume nach einer Unterbrechung erfolgen?,Medien (Audio),L4,"bio_state, presence_state, audio_owner, manual_stop/stop_latch, homepods_resume_allowed","media_policy.decide_action + homepods_resume_allowed [E-001, E-166]; media_apply.playback_repair_block_reason [E-005, E-006, E-171]","homepods_resume_allowed, Repair-Block-Gruende",TEILWEISE,"Apply verlangt fuer Repair zusaetzlich einen BEWIESENEN Wachzustand (bio_state in waking/awake, fail-closed), waehrend die Policy nur 'nicht Schlaf' verlangt. Beide Regeln sind begruendet, aber nicht als gemeinsamer Contract formuliert.",EMPFEHLUNG: Die fail-closed-Regel von Apply ist die strengere und sicherere; sie sollte als gemeinsames Muster fuer alle Aktuations-Gates dokumentiert werden.,hoch,OPEN
DQ-04,Soll der Denon-Nachlauf pausieren?,Medien (Audio),L4,"bio_state, media_device, PC-/TV-Power","media_apply.denon_consumer_holds + _denon_consumer_active [E-010, E-135, E-137]",Denon-Off blockiert oder erlaubt,n/a (nur ein Consumer),"Kein Konflikt zwischen Modulen, aber ein interner: bio_sleep (nur S) und BIO_SLEEP_CONTEXT_VALUES (PS+S) werden in derselben Datei gemischt. Ausserdem gilt die Power-Gegenprobe nur fuer pc/tv, nicht fuer appletv/ps5/switch.",EMPFEHLUNG: Nach DQ-01 die Fundstellen vereinheitlichen; die asymmetrische Power-Gegenprobe ist bewusst konservativ und kann bleiben.,hoch,OPEN
DQ-05,Welche Bildschirmart ist aktiv?,uebergreifend (Medien -> Licht/Rollladen),L1/L2,"media_context, media_device, gaming_platform, entertainment_active, activity_state, activity_context","light_policy._eval_cinema [E-125, E-155] + make_gaming_policy [E-034, E-139]; blind_control._convert_activity [E-035, E-128, E-140, E-148, E-159]; plug_policy._decide_bias_light [E-126]; einhornzentrale import.yaml [E-160]","Cinema-Look, Gaming-Look/Ring, glare_tv/glare_pc/glare_general, Bias Light on/off",NEIN,Vier Consumer beantworten dieselbe Frage aus vier unterschiedlichen Feldkombinationen. blind_control baut dafuer einen eigenen Adapter mit eigener Vorrangregel; plug_policy benutzt media_context+gaming_source; light_policy media_context+media_device+entertainment_active; die YAML-Config eine eigene Combined-Projektion. appletv fehlt in blind_controls tv_platforms.,"EMPFEHLUNG: Genau das ist ein guter Contract-Kandidat ('screen_class' mit Werten none|tv|pc|other plus Evidenzliste), sinnvollerweise als Feld des bestehenden activity_context-Feeds statt als neue Entity.",hoch,OPEN
DQ-06,Ist PC-Glare erforderlich (Blendschutz am Schreibtisch)?,Rollladen,L3,"activity_state (+ attrs pc_active, media_device, gaming_platform)","blind_control._convert_activity -> PC_ACTIVITY [E-035, E-036, E-140]",glare_pc-Kandidat mit eigenem Zielwert,n/a (nur ein Consumer),"Kein Konflikt, aber eine bemerkenswerte Asymmetrie: light_policy schliesst pc_active bewusst aus seinem Gaming-Gate aus, blind_control nutzt genau diesen Wert fuer glare_pc. Beide Entscheidungen sind dokumentiert begruendet.","EMPFEHLUNG: Als bewusste Domaenen-Differenz festhalten, nicht angleichen.",mittel,OPEN
DQ-07,Welcher Audio-Stack hat Vorrang?,Medien (Audio),L3,"media_context, media_subcontext, media_device, homepods_state, bio_state",media_policy.decide_owner + decide_audio_scenario + competes_with_homepods [E-120..E-124],"audio_owner, audio_scenario, competes",n/a (nur ein Consumer),"audio_owner mischt zwei Dinge: die Prioritaet des fachlichen Soll-Stacks (aus dem Kontext) UND die Beobachtung, dass die HomePods gerade spielen. AUDIO_OWNER_SLEEP ist definiert, wird aber nie emittiert.",EMPFEHLUNG: Soll und Ist trennen - audio_scenario ist bereits die reine Soll-Wahrheit; audio_owner koennte auf die Ist-Beobachtung reduziert oder umbenannt werden.,mittel,OPEN
DQ-08,"Ist Away eine Beobachtung, eine Klassifikation oder ein Execution-Gate?",uebergreifend (Person),L2/L3/L4,"presence_personal, presence_effective, presence_away (core), presence_state + away_gate (media)","core_state.away_gate_active -> binary_sensor.*_presence_away [E-076]; media_state.away_from_presence + gate_away [E-070, E-071]; media_policy/media_apply.media_block_reason [E-165, E-167]; blind_control._convert_away [E-168]; door_policy [E-080..E-084]; light_policy [E-072]; plug_policy [E-073]","Away-Gate on/off, Medien-Stopp, hard_off, Auto-Lock, Steckdosen-Cut, Rollladen-Away-Position",NEIN,"Core State publiziert einen als kanonisch bezeichneten Away-Gate (inkl. Activity-Hold), der auf origin/main KEINEN Consumer hat. Stattdessen leitet media_state Away eigenstaendig aus presence_personal ab (ohne Activity-Hold, mit 25-s-Debounce) und beliefert damit media_policy, media_apply und sehr wahrscheinlich auch blind_control. Zusaetzlich behandelt light_policy bei_eltern als abwesend, alle uebrigen als anwesend.","EMPFEHLUNG: Drei Ebenen explizit benennen und je Ebene genau einen Owner festlegen - Beobachtung (presence_personal, core), Klassifikation/Stabilisierung (presence_effective inkl. Hold, core), Execution-Gate (presence_away, core; Debounce als Consumer-Parameter). media_states away_gate wuerde dann zur reinen Projektion.",hoch,OPEN
DQ-09,Gilt 'bei Eltern' als anwesend oder als abwesend?,uebergreifend (Person),L2/L3,presence_personal,"light_policy PRESENCE_SIM_TRIGGERS={abwesend, bei_eltern} [E-072]; media_state away_from_presence -> home [E-070]; door_policy _PERSONAL_HOME_EQUIVALENT [E-084] aber NICHT fuer Auto-Unlock [E-081]; plug_policy is_home_like [E-073]; notification_router HOME_EQUIVALENT_PRESENCE [E-074]","hard_off + Anwesenheitssimulation vs. kein Medien-Stopp, kein Steckdosen-Cut, kein Auto-Lock",NEIN,"Licht behandelt bei_eltern als abwesend (Simulation laeuft), alle uebrigen Domaenen als home-aequivalent. door_policy ist der feinste Fall: home-aequivalent fuer Auto-Lock, aber 'nicht zuhause' fuer Auto-Unlock.","EMPFEHLUNG: Kein globaler Angleich noetig - aber eine explizite Aussage, dass bei_eltern 'Wohnung leer, Person sicher' bedeutet. Dann ist Licht=Simulation und Media=kein Stopp beides korrekt und dokumentiert.",hoch,OPEN
DQ-10,Welche Tagesphasen-Generation gilt?,uebergreifend (Zeit),L1,day_state,"core_state: 9 kanonische Phasen [Producer]; blind_control: strikt 9 [E-051]; light_policy: 9+8 vereinigt [E-050]; media_policy: 8er-Tabellen ohne Validierung [E-054, E-055]; climate_policy: 8er-Werte inkl. late_morning [E-056]","Volume-Baseline, Subwoofer-Fenster, Bad-Preheat, Look-Matrix, Privacy, Blendschutz",NEIN,"midday, late_afternoon und evening haben in media_policy KEINEN Baseline-Eintrag und sind NICHT im Subwoofer-Fenster. late_morning und early_evening werden von media_policy und climate_policy erwartet, von core_state aber nie erzeugt. Zusaetzlich binden media_policy und climate_policy nicht auf core_state, sondern auf sensor.benni_combined_context_day_state.","EMPFEHLUNG: Zwei getrennte Schritte - (1) Bindungen auf core_state umstellen, (2) die 8er-Tabellen in media_policy und climate_policy auf die 9 kanonischen Werte erweitern. Schritt 2 ist eine echte fachliche Entscheidung (welcher Pegel gilt mittags, welcher am spaeten Nachmittag).",hoch,OPEN
DQ-11,Welchen Media-Anteil hat der Gesamt-Activity-State und wie frisch muss er sein?,Medien -> Person,L2/L4,activity_context (Feed) + dessen Zeitstempel,"media_state.derive_activity_context [Producer]; core_state.media_bucket_from_feed + _media_feed_status [E-145, E-146]","Kandidat im Activity-Arbiter, quality_status/degraded_reason/fallback_reason","n/a (eine Kante), aber unvollstaendig","Der Producer publiziert weder ein quality- noch ein freshness-Feld. Core State behilft sich mit einem 30-Minuten-Alters-Gate auf last_updated. Ein eingefrorener (aber formal vorhandener) Feed-Wert gilt damit bis zu 30 Minuten als frisch. Zusaetzlich publiziert der Feed ein hold_strength (hard/soft), das Core State ignoriert - Core hat sein eigenes ACTIVITY_HOLD_STRENGTH.","EMPFEHLUNG: Genau hier ist ein Core Contract am naechsten am Nutzen: media.activity.v1 mit Quality, Freshness und Lineage wuerde das Consumer-seitige Alters-Gate ueberfluessig machen. Getrennt davon ist zu entscheiden, ob hold_strength beim Producer oder beim Consumer gehoert.",hoch,OPEN
DQ-12,Wer entscheidet den Uebergang provisional_sleep -> sleep?,Person <-> Medien (Rueckkopplung),L6,"bio_state, sleep_tv_evidence (+ sleep_reference_start)",media_apply.decide_sleep_tv [E-009]; core_state inferred_sleep [E-026],bio_state PS -> S mit sleep_source=inferred_tv_off,JA (eine klar definierte Kette),"Kein Konflikt, aber die einzige Execution-zu-State-Rueckkopplung im Stack: der Ausfuehrungslayer autorisiert einen Zustandsuebergang der State-Engine. Die Korrelation ueber sleep_reference_start ist sauber. Das Prefill in core_state zeigt allerdings auf den clean slug, waehrend live der system_-Slug existiert.","EMPFEHLUNG: Die Kette so belassen, aber als bewusste Ausnahme dokumentieren und die Live-Bindung verifizieren. Ein Contract fuer sleep_tv_evidence waere sinnvoll, weil er Quality und Freshness bereits mitbringt.",hoch,OPEN
DQ-13,Ueber welchen Kanal wird 'leise sein' angefordert?,Medien,L2/L4,"quiet_mode (aus Tuer, Anruf, Musik-Enum, activity_state==sleep)",media_state.evaluate_quiet [E-039 Producer-seitig]; media_policy [E-170]; media_apply [E-171]; notification_router [E-172],"Ducking, Sofort-Ausfuehrung, Media-Route verworfen","JA bei den Consumern, NEIN bei der Quelle","Die Consumer behandeln quiet einheitlich als Overlay. Die Quelle ist das Problem: evaluate_quiet wertet activity_state in (sleep, asleep, quiet) - das ist ein zweiter Schlafkanal, der an bio_state vorbeigeht, und asleep/quiet existieren als Werte gar nicht.",EMPFEHLUNG: Den Schlaf-Zweig aus evaluate_quiet entweder auf bio_state umstellen oder streichen; die toten Werte asleep/quiet entfernen.,hoch,OPEN
DQ-14,"Was bedeutet media_device - Identitaet, Audio-Routing oder Screen-Intent?",Medien -> Licht/Rollladen/Apply,L2/L4/L5,media_device,media_apply DENON_CONSUMER_DEVICES [E-135] + SCREEN_DEVICES [E-136] + DENON_CONSUMER_POWER_CHECKED [E-137]; media_policy is_pc_gaming [E-124]; light_policy source_id/tv [E-139]; blind_control explizite Screen-Klasse [E-140],"Denon-Nachlauf-Block, TV-Einschalten, HomePods spielen weiter, Gaming-/Cinema-Look, glare_pc/glare_tv",NEIN,"Ein Enum traegt drei fachliche Bedeutungen. Fuer appletv ergibt sich dadurch eine konkrete Luecke: Apply behandelt es als SCREEN_DEVICE, blind_control kennt es nicht als tv-Plattform.","EMPFEHLUNG: media_device als beschreibendes Primaergeraet behalten und die abgeleiteten Bedeutungen als eigene Felder publizieren (z.B. audio_sink_consumer, screen_class) - wieder am besten als Felder des activity_context-Feeds.",hoch,OPEN
DQ-15,Wer besitzt die Weckentscheidung?,Zeit / Person,L2/L4,"wake_state, next_wake, wake_needed, holiday_active","ha_wake_planner [Producer]; core_state wake_planning als Shadow + Legacy-Fallback [E-115, E-117]; media_policy Flanken-Consumer [E-116]",bio_state sleep -> waking; manual_stop-Reset; Wake-Sequenz in media_apply ueber die Bio-Flanke,NEIN (Doppel-Publikation),"Zwei Module publizieren dieselbe Entscheidung. core_state/mapping.py fuehrt alle vier Mappings als STATUS_PLANNED mit Ziel core_state, der Cutover ist aber nicht vollzogen. media_apply loest seine Wake-Sequenz nicht ueber wake_needed aus, sondern ueber die bio_state-Flanke - das ist konsistent mit 'keine Doppel-Detektion'.","EMPFEHLUNG: Der in mapping.py bereits festgelegte Ziel-Owner (core_state) ist plausibel; die Frage ist nur das Gate und die Reihenfolge, nicht die Richtung.",mittel,OPEN
DQ-16,Welche Entity-ID ist die kanonische Bindung (clean slug vs. system_-Praefix)?,uebergreifend (Betrieb),L0,alle publizierten States,"door_policy bindet system_ [E-080]; toolbox_readiness bindet clean [E-085]; media_policy und media_apply binden system_ fuer media_state-Presence [E-165, E-167]; core_state Prefill fuer sleep_tv_evidence bindet clean [E-026]; light_policy hat eine Migration fuer beide Varianten [E-110]","presence_effective_missing, tote Bindungen, funktionierende Bindungen - je nach Modul",NEIN,"Durch die Geraete-Umbenennung auf 'System ...' erben NEU registrierte Entities ein system_-Praefix. Auf main existieren fuer dieselbe Wahrheit beide Schreibweisen in verschiedenen Modulen; einzelne Module haben Legacy-Repoints, andere nicht.","EMPFEHLUNG: Das ist keine Semantik-, sondern eine Betriebsfrage. Eine einmalige Live-Inventur der tatsaechlichen Entity-IDs und eine Regel dafuer, welche Seite (Producer-Rename oder Consumer-Repoint) der Standard ist, wuerde die Klasse schliessen.","mittel (Code-Evidenz sicher, Live-Zustand nicht geprueft)",OPEN
DQ-17,Sollen die Legacy-Combined-Bindungen (sensor.benni_combined_context_*) bestehen bleiben?,uebergreifend (Betrieb),L0,"bio_state, activity_state, day_state, day_context, presence_personal, presence_household, presence_band, presence_transition","climate_policy bindet AUSSCHLIESSLICH darauf [E-023, E-067, E-075, E-091, E-095, E-102]; plug_policy fuer presence/bio/activity [E-022, E-042, E-073]; media_policy fuer day_state [E-054, E-055]; light_policy hat sie bereits migriert [E-050, E-065]","gesamte Klima-Logik, Steckdosen-Cuts, Media-Volume-Baseline und Subwoofer-Fenster",NEIN,"core_state/mapping.py fuehrt alle diese IDs ausdruecklich als legacy_references mit legacy_resolution=replace_after_cutover. light_policy hat den Cutover vollzogen und dokumentiert ihn in migration.py. climate_policy, plug_policy und media_policy nicht.","EMPFEHLUNG: Der Cutover-Pfad ist bereits definiert; es fehlt nur die Ausfuehrung je Modul. Vor der Umstellung von media_policy muss allerdings DQ-10 entschieden sein, sonst bricht die Volume-Baseline in drei Phasen.",hoch,OPEN
DQ-18,Sollen Core State und Media State zu einer State Engine werden?,Architektur,n/a,alle,"Heute zwei getrennte Engines mit genau einer Feed-Kante (activity_context [E-145]), einer Rueckkopplung ueber Apply (sleep_tv_evidence [E-026]) und einer geteilten Presence-Ableitung (media_state leitet Away aus presence_personal ab [E-070])",-,-,"Die Daten stuetzen eine Fusion NICHT. Die Schnittstelle ist schmal (eine Feed-Kante), klar gerichtet und bereits mit einem Qualitaets-Gate versehen. Die echten Probleme liegen woanders: uneinheitliche Sleep-Semantik (DQ-01), zwei Away-Ketten (DQ-08), zwei Tagesphasen-Generationen (DQ-10) und ueberladene Werte (DQ-14).",EMPFEHLUNG: Keine Fusion. Statt dessen die Semantik-Fragen entscheiden und gezielt einzelne Owner verschieben - der einzige gut belegte Kandidat ist die Away-/Presence-Projektion von media_state zurueck an core_state (DQ-08).,"hoch (fuer 'noch nicht entscheidbar als Fusion'), mittel (fuer die Owner-Verschiebung)",OPEN
