decision_id,family,decision_level,decision_question,input_states,current_interpretations,affected_consumers,affected_domains,classification,semantic_conflict,recommended_rule,recommendation_reason,confidence,migration_type,change_types,compatibility_requirement,contract_readiness,depends_on,priority,benni_decision,notes
D-B01,BIO / SLEEP,L2 CLASSIFY,"Soll Core State einen publizierten Sleep-Kontext-BEGRIFF anbieten, auf den Consumer binden, statt dass jeder Consumer seine eigene Wertemenge pflegt?",bio_state,"(heute: keiner): es gibt keinen publizierten Praedikat-Begriff; jeder Consumer definiert eine eigene Wertemenge -> fuenf verschiedene Sleep-Definitionen im Stack | benni-core-state (Producer): publiziert bereits die Attribute sleep_confirmed, sleep_source, sleep_reference_start -> die Bausteine fuer ein Praedikat existieren, es fehlt nur die Veroeffentlichung",alle BIO-Consumer,Medien; Licht; Rollladen; Klima; Benachrichtigung; Steckdose; YAML,ARCHITECTURE_DECISION,JA - Ursache aller nachfolgenden BIO-Decisions,"EMPFEHLUNG: ein zusaetzliches boolesches Attribut sleep_context am bestehenden bio_state-Sensor (true fuer provisional_sleep UND sleep), additiv, ohne Enum-Aenderung. Consumer, die 'Schlaf' meinen, binden auf das Attribut; Consumer, die bewusst nur bestaetigten Schlaf meinen, lesen weiterhin sleep_confirmed bzw. den Enum-Wert.","Das Problem ist nicht der Enum, sondern dass jeder Consumer die Klassifikation neu trifft. Ein Attribut ist additiv, braucht keine Enum-Migration und macht die verbleibenden Unterschiede (D-B02, D-B05) zu einer bewussten Wahl statt zu einem Zufall.",hoch,DOCUMENT_ONLY,NEW_CONTRACT,NONE,CONTRACT_AFTER_DECISION,-,P1,OPEN,"Blockiert D-B02 bis D-B14. Erst nach dieser Entscheidung ist klar, ob die Einzelfaelle angeglichen oder bewusst getrennt bleiben."
D-B02,BIO / SLEEP,L4 ARBITRATE/GATE,Darf waehrend provisional_sleep automatisch Musik/Radio gestartet werden?,bio_state; radio_ready; presence_state; manual_playback,benni_media_policy: PS zaehlt als Schlaf (BIO_SLEEP_VALUES) -> music_baseline_candidate=False -> kein Auto-Start | benni_media_apply: _bio_sleep prueft nur == sleep -> should_autostart_radio laesst PS durch -> Auto-Start moeglich,benni_media_policy; benni_media_apply,Medien,PRODUCT_DECISION,JA - die beiden Ebenen derselben Kette widersprechen sich,"EMPFEHLUNG: waehrend PS KEIN automatischer Start. PS ist ein Schutzkorridor; ein selbst gestarteter Radiostream ist genau das, was der Korridor verhindern soll. Konkret: media_apply auf das Sleep-Praedikat (D-B01) ziehen.","Die Policy-Ebene hat die Entscheidung bereits so getroffen; Apply hebt sie faktisch wieder auf. Ein Auto-Start im PS-Korridor ist die einzige Kombination, die den Nutzer aktiv weckt statt nur nichts zu tun.",hoch,LOCAL_FIX,SEMANTIC_CHANGE; CODE_FIX_ONLY,NONE,APPLY_INTERNAL,D-B01,P2,OPEN,"Kleinster wirksamer Einzelfix im Media-Stack, sobald D-B01 entschieden ist."
D-B03,BIO / SLEEP,L4 ARBITRATE/GATE,Darf waehrend provisional_sleep ein Resume bzw. ein Playback-Repair laufen?,bio_state; homepods_resume_allowed; volume_apply_allowed; quiet_mode,"benni_media_policy: PS zaehlt als Schlaf -> Resume blockiert, HomePods-Ziel 0.0 | benni_media_apply: BIO_SLEEP_CONTEXT_VALUES enthaelt PS; zusaetzlich fail-closed auf waking/awake -> Repair blockiert (sleep_context) bzw. bio_state_unproven",benni_media_policy; benni_media_apply,Medien,NO_PROBLEM,"NEIN - beide Ebenen blocken, Apply zusaetzlich strenger",EMPFEHLUNG: unveraendert lassen. Das fail-closed-Muster von Apply (positiver Wachbeweis statt Abwesenheit von Schlaf) ist die sicherere Variante und sollte als Muster fuer alle Aktuations-Gates dokumentiert werden.,Hier ist die strengere Regel bereits an der richtigen Stelle - unmittelbar vor dem Service-Call.,hoch,DOCUMENT_ONLY,CODE_FIX_ONLY,NONE,APPLY_INTERNAL,D-B01,P3,OPEN,Nur das harte Literal in logic.py:487 gehoert auf die Konstante gezogen (siehe D-B18).
D-B04,BIO / SLEEP,L3 POLICY,Sollen die HomePods bei provisional_sleep pausiert werden?,bio_state; media_context; audio_owner,"benni_media_policy: PS zaehlt als Schlaf -> competes=True -> homepods_should_pause, Volume-Ziel 0.0 | benni_media_apply: fuehrt die Policy-Entscheidung aus -> pause_homepods",benni_media_policy; benni_media_apply,Medien,NO_PROBLEM,NEIN,EMPFEHLUNG: unveraendert lassen. Pausieren ist die konservative Richtung und deckt sich mit Licht und Rollladen.,Der PS-Eintritt setzt ohnehin einen TV-Abend voraus; ein laufender HomePod-Stream ist dort nicht der Erwartungsfall.,hoch,NO_CHANGE,CODE_FIX_ONLY,NONE,POLICY_INTERNAL,D-B01,P3,OPEN,
D-B05,BIO / SLEEP,L4 ARBITRATE/GATE,Soll der Denon-Nachlauf (R13/R14) bei provisional_sleep pausieren?,bio_state; media_device; PC-/TV-Power,benni_media_apply (_bio_sleep): nur == sleep -> Nachlauf laeuft waehrend PS normal weiter | benni_media_apply (BIO_SLEEP_CONTEXT_VALUES): PS + sleep -> andere Fundstellen derselben Datei pausieren bei PS,benni_media_apply,Medien,BUG,JA - modulinterner Widerspruch in derselben Datei,"EMPFEHLUNG: die Fundstellen vereinheitlichen. Fachlich sprechen beide Richtungen: der Denon soll im Schlaf aus, aber waehrend PS laeuft per Definition noch der TV. Vorschlag: Nachlauf im PS NICHT pausieren (der TV ist ja an), aber die Entscheidung explizit an das Sleep-Praedikat plus den TV-Zustand binden statt an zwei unterschiedliche bio-Mengen.","Der aktuelle Zustand ist nicht das Ergebnis einer Entscheidung, sondern zweier unabhaengig gewachsener Fundstellen. Welches Verhalten gewollt ist, muss Benni sagen; dass beide gleichzeitig gelten, ist in jedem Fall falsch.",hoch,LOCAL_FIX,SEMANTIC_CHANGE; CODE_FIX_ONLY,NONE,APPLY_INTERNAL,D-B01,P2,OPEN,"Einziger Fall, in dem EIN Modul zwei Sleep-Definitionen gleichzeitig anwendet."
D-B06,BIO / SLEEP,L6 LIFECYCLE/RECOVERY,Soll der Sleep-TV-Abschalttimer (R24) bereits bei provisional_sleep laufen?,bio_state; sleep_source; sleep_reference_start; TV-Power,"benni_media_apply: BIO_SLEEP_CONTEXT_VALUES (PS + sleep) -> Timer armed, publiziert sleep_tv_evidence | benni-core-state: konsumiert off_confirmed als PS->S-Beweis -> bio_state PS -> sleep",benni_media_apply; benni-core-state,Medien; Person,NO_PROBLEM,NEIN - beide Seiten derselben Kette sind konsistent,"EMPFEHLUNG: unveraendert lassen. Genau hier ist PS-als-Schlaf zwingend, weil der Timer den Uebergang PS->S ueberhaupt erst erzeugt.","Wuerde der Timer erst bei sleep starten, gaebe es keinen Weg von PS nach S ausser manuell.",hoch,NO_CHANGE,CODE_FIX_ONLY,NONE,EVENT_CONTRACT,-,P3,OPEN,"Der beste Beleg dafuer, dass PS und S NICHT ueberall gleich behandelt werden duerfen."
D-B07,BIO / SLEEP,L4 ARBITRATE/GATE,Sollen Benachrichtigungen bei provisional_sleep gedaempft werden?,bio_state; quiet_mode; activity_state,"benni_notification_router: BIO_SLEEP = nur sleep; const.BIO_STATES kennt PS nicht -> waehrend PS klingeln Media-Route und Licht-Ring weiter, Push wird nicht deferred | benni_media_state (indirekt): quiet_mode kann ueber activity_state==sleep entstehen -> nur wenn KEIN TV laeuft - waehrend PS laeuft aber definitionsgemaess der TV",benni_notification_router,Benachrichtigung,DRIFT,JA - PS ist beim Router schlicht unbekannt,"EMPFEHLUNG: PS in BIO_STATES aufnehmen und wie sleep daempfen. Ein TV-Abend im Schutzkorridor ist genau die Situation, in der ein Licht-Ring oder ein Media-Ton stoert.","Der Router kennt den Wert nicht, weil er vor dessen Einfuehrung geschrieben wurde - das ist kein bewusster Produktentscheid.",hoch,LOCAL_FIX,VALUE_ONLY; CODE_FIX_ONLY,NONE,OWNER_INTERNAL,D-B01,P2,OPEN,notification_router ist auf main v0.1.0 und hat keine Tests fuer diesen Pfad.
D-B08,BIO / SLEEP,L3 POLICY,Soll die Heizung bei provisional_sleep absenken?,bio_state (ueber sensor.benni_combined_context_bio_state),"benni_climate_policy: bio in (sleep, waking) -> profile=off; PS ist nicht enthalten -> waehrend PS heizt die Wohnung normal weiter",benni_climate_policy,Klima,PRODUCT_DECISION,JA gegenueber Licht/Rollladen/Media-Policy,EMPFEHLUNG: PS wie sleep behandeln (Heizung aus). Waehrend PS liegt der Nutzer bereits; die thermische Traegheit macht ein spaeteres Absenken wirkungsarm.,"Die Absenkung ist trage - sie zu spaet auszuloesen kostet die Wirkung, sie zu frueh auszuloesen kostet wenig, weil PS ohnehin nur nachts entsteht.",mittel,LOCAL_FIX,VALUE_ONLY; SEMANTIC_CHANGE,NONE,OWNER_INTERNAL,D-B01; D-D05,P2,OPEN,"Haengt zusaetzlich an D-D05, weil climate_policy ausschliesslich auf die Legacy-Combined-ID bindet."
D-B09,BIO / SLEEP,L3 POLICY,Soll waking als Schlaf gelten und die Heizung ausschalten?,bio_state,"benni_climate_policy: bio in (sleep, waking) -> profile=off -> beim Aufwachen wird die Heizung AUSgeschaltet statt hochzufahren | alle uebrigen Consumer: waking ist eine Wach-/Weckphase -> Weckerlicht an, Rollladen faehrt, Media-Wake-Sequenz startet, Router daempft nur",benni_climate_policy,Klima,BUG,JA - climate_policy steht gegen alle anderen Domaenen,"EMPFEHLUNG: waking aus der Heizungs-Aus-Menge entfernen. Der Weckzeitpunkt ist genau der Moment, an dem geheizt werden soll; die Traegheit spricht sogar fuer ein Vorheizen davor.","waking ist in jedem anderen Modul der Beginn des Tages. Dass ausgerechnet die Heizung dann abschaltet, ist mit hoher Wahrscheinlichkeit ein uebernommenes Zwei-Werte-Relikt aus der Zeit vor der Einfuehrung von waking.",mittel,LOCAL_FIX,VALUE_ONLY; CODE_FIX_ONLY,NONE,OWNER_INTERNAL,-,P1,OPEN,"Live-Wirkung nicht verifiziert: climate_policy bindet auf benni_combined_context_bio_state; ob diese Entity live existiert und einen Wert liefert, ist offen (D-D05). Bei fehlendem Kontext greift zusaetzlich der Default 'sleep' - dann ist die Heizung dauerhaft aus."
D-B10,BIO / SLEEP,L3 POLICY,Soll das Licht bei provisional_sleep hart aus sein?,bio_state,"benni_light_policy: BIO_SLEEP_CONTEXTS = {provisional_sleep, sleep} -> hard_off aller Gruppen",benni_light_policy,Licht,NO_PROBLEM,NEIN,EMPFEHLUNG: unveraendert lassen. Deckt sich mit Rollladen und Media-Policy und ist die konservative Richtung.,PS entsteht nur im TV-Abend-Kontext; Deckenlicht ist dort nicht erwuenscht.,hoch,NO_CHANGE,CODE_FIX_ONLY,NONE,POLICY_INTERNAL,-,P3,OPEN,
D-B11,BIO / SLEEP,L3 POLICY,Soll der Rollladen bei provisional_sleep in Schlafposition fahren?,bio_state,"blind_control: EFFECTIVE_SLEEP_STATES = {provisional_sleep, sleep} -> Kandidat 'sleep' mit config.target('sleep')",blind_control,Rollladen,NO_PROBLEM,NEIN,EMPFEHLUNG: unveraendert lassen.,Identisch begruendet wie D-B10; zusaetzlich ist die Beobachtung bei blind_control qualitaetsgegatet (unusable statt falscher Annahme).,hoch,NO_CHANGE,CODE_FIX_ONLY,NONE,POLICY_INTERNAL,-,P3,OPEN,Achtung bei jedem spaeteren Enum-Rename: blind_control validiert die zulaessigen Werte gegen das options-Attribut des Sensors (D-B19 / Rename-Impact).
D-B12,BIO / SLEEP,L3 POLICY,"Sollen Steckdosen-Cuts (Bias Light, Diffuser, PC-Idle) bei provisional_sleep greifen?",bio_state (ueber sensor.benni_combined_context_bio_state); media_context,"plug_policy_engine: asleep = (bio == sleep) -> waehrend PS bleiben Bias Light, Diffuser und PC-Steckdose an",plug_policy_engine,Steckdose,PRODUCT_DECISION,JA gegenueber Licht/Rollladen,"EMPFEHLUNG: Bias Light und Diffuser wie bei sleep abschalten, den PC-Idle-Cut hingegen NICHT auf PS ausweiten. Bias Light folgt ohnehin dem TV-Stack, und der laeuft im PS noch - die tv_active-Gegenprobe regelt das bereits.",Bias Light und Diffuser sind Ambiente und gehoeren zur selben Klasse wie Licht. Ein PC-Cut ist dagegen eine harte Aktion mit Datenverlustrisiko und sollte bestaetigten Schlaf verlangen.,mittel,LOCAL_FIX,VALUE_ONLY; SEMANTIC_CHANGE,NONE,OWNER_INTERNAL,D-B01; D-D05,P2,OPEN,"Gutes Beispiel dafuer, dass 'PS wie S' pro Decision und nicht pauschal zu beantworten ist."
D-B13,BIO / SLEEP,L6 LIFECYCLE/RECOVERY,Soll der manuelle private_time-Latch bei provisional_sleep geraeumt werden?,bio_state; private_time_manual; pc_active,"benni_media_state: BIO_SLEEP_VALUES = {sleep, asleep}; Flanke nur in diese Menge -> beim Uebergang awake -> PS bleibt der Latch stehen",benni_media_state,Medien,PRODUCT_DECISION,teilweise,EMPFEHLUNG: unveraendert lassen (nur bei bestaetigtem sleep raeumen). Der Latch braucht ohnehin PC-Aktivitaet; PS entsteht am TV. Zusaetzlich greift der 4-Stunden-Timeout.,Ein Clear auf der PS-Flanke wuerde eine bewusst gesetzte Nutzerabsicht aufgrund eines nur vermuteten Schlafs verwerfen.,mittel,NO_CHANGE,CODE_FIX_ONLY,NONE,OWNER_INTERNAL,D-B01,P3,OPEN,Der tote Alias 'asleep' gehoert unabhaengig davon entfernt (D-B19).
D-B14,BIO / SLEEP,L2 CLASSIFY,Zaehlt provisional_sleep als Aufweck-Kandidat (context_bio_wake_candidate)?,bio_state; Kaffee/PC/PS5/Tuer/Dusche,"einhornzentrale import.yaml: any(bio == sleep, bio == waking) -> waehrend PS kein wake_candidate",einhornzentrale (import.yaml),YAML-Konfiguration,DRIFT,teilweise,"EMPFEHLUNG: PS aufnehmen, WENN dieser Combined ueberhaupt live ist. Die Wachsignal-Logik in core_state selbst akzeptiert im PS bereits jedes starke Signal - der Combined bildet damit ein anderes Verhalten ab als der Owner.","Ein Wach-Kandidat, der einen der drei Schlafzustaende auslaesst, beschreibt den Owner falsch.",niedrig,LOCAL_FIX,VALUE_ONLY,UNKNOWN,NOT_A_CONTRACT,D-B01; D-S04,P3,OPEN,Wirksamkeit unklar: laut Betriebsstand ist der Bulk-Import nicht live gemergt (D-S04).
D-B15,BIO / SLEEP,L0 FACT,Ist provisional_sleep ein gueltiger Wert fuer die System-Readiness?,bio_state,"einhornzentrale toolbox_readiness.yaml: states(...) in ['sleep','waking','awake'] -> binary_sensor.system_benni_context_ready geht im legitimen Zustand PS auf OFF",einhornzentrale (toolbox_readiness.yaml),YAML-Konfiguration; Betrieb,BUG,"JA - der Producer emittiert einen Wert, den die Readiness fuer ungueltig haelt","EMPFEHLUNG: provisional_sleep in die Liste aufnehmen. Alternativ die Wertebereichs-Pruefung durch eine reine Existenzpruefung ersetzen, wie sie fuer day_state, day_context, activity_state und master_context in derselben Datei bereits verwendet wird.","Eine Readiness, die bei einem regulaeren Producer-Wert Alarm schlaegt, erzeugt jede Nacht ein falsches Negativ und entwertet damit das Signal.",hoch,LOCAL_FIX,VALUE_ONLY,NONE,NOT_A_CONTRACT,-,P1,OPEN,Billigster Fix mit sofort sichtbarer Wirkung. Die uebrigen Consumer dieses Sensors sind nicht Teil dieses Audits.
D-B16,BIO / SLEEP,L6 LIFECYCLE/RECOVERY,Darf der Uebergang provisional_sleep -> awake als Wach-FLANKE gelten und damit die Wake-Sequenz (R23) sowie den Stop-Latch-Reset ausloesen?,bio_state (Flanke),"benni_media_apply: prev not in (awake, waking) AND cur in (awake, waking) -> Wake-Sequenz startet (HomePods-Startlautstaerke, Ramp, Radio-Autostart) UND Stop-Latch wird zurueckgesetzt",benni_media_apply,Medien,PRODUCT_DECISION,"teilweise - fuer den Latch bewusst beschlossen, fuer die Wake-Sequenz nicht dokumentiert","EMPFEHLUNG: die beiden Folgen trennen. Der Stop-Latch-Reset auf jeder Wach-Flanke ist gewollt (ausdrueckliche Entscheidung in media_apply#52). Die Wake-Sequenz mit Musikstart sollte dagegen an einen GEPLANTEN Weckzeitpunkt gebunden sein, nicht an ein spontanes Aufstehen um 23:40 aus dem TV-Abend.","PS -> awake entsteht schon dann, wenn jemand waehrend des TV-Abends aufsteht und die Kaffeemaschine oder den PC beruehrt. Ein Radiostart ist dort nicht die erwartete Reaktion.",mittel,SEMANTIC_SPLIT,SEMANTIC_CHANGE,NONE,APPLY_INTERNAL,D-W02,P2,OPEN,"Haengt an D-W02: solange nicht entschieden ist, was der kanonische Wake-Trigger ist, kann die Sequenz nicht sauber umgebunden werden."
D-B17,BIO / SLEEP,L2 CLASSIFY,"Soll Quiet (Ducking) weiterhin ueber activity_state == sleep erkannt werden, also an bio_state vorbei?",activity_state; bio_state; Tuer; Anruf; Musik-Enum,"benni_media_state: activity_state in (sleep, asleep, quiet) -> quiet_mode -> Ducking, Subwoofer aus, R20-Snapshot - ausgeloest durch einen Aktivitaets- statt Koerperzustand | benni-core-state: activity=sleep entsteht nur bei Bio S/PS OHNE TV; mit TV gewinnt entertainment -> der Zweig feuert genau dann nicht, wenn man ihn am ehesten erwarten wuerde",benni_media_state; benni_media_policy; benni_media_apply; benni_notification_router,Medien; Benachrichtigung,BUG,"JA - zweiter, undokumentierter Schlafkanal",EMPFEHLUNG: den Schlaf-Zweig aus evaluate_quiet entfernen und - falls das Verhalten gewollt ist - durch eine explizite bio_state-Bedingung ersetzen. Die toten Werte asleep und quiet entfallen dabei.,"Schlaf ueber activity_state zu erkennen umgeht den Owner und erzeugt ein Verhalten, das vom TV-Zustand abhaengt, ohne dass das irgendwo als Absicht steht.",hoch,LOCAL_FIX,SEMANTIC_CHANGE; LEGACY_REMOVAL,NONE,OWNER_INTERNAL,-,P1,OPEN,Bestaetigt OPR-033. Wirkt ueber quiet_mode bis in die Benachrichtigungen durch.
D-B18,BIO / SLEEP,L0 FACT,Sollen die drei harten bio_state-String-Literale durch Modulkonstanten ersetzt werden?,bio_state,"benni_media_policy logic.py:350: == ""waking"" inline -> Wake-Fenster-Gate | benni_media_apply logic.py:487: not in (""waking"",""awake"") inline neben BIO_AWAKE_VALUES -> Repair-Gate | benni_climate_policy policy.py:906: in (""sleep"",""waking"") inline -> Heizprofil-Gate",benni_media_policy; benni_media_apply; benni_climate_policy,Medien; Klima,DRIFT,NEIN (heute verhaltensgleich),"EMPFEHLUNG: auf die jeweilige Modulkonstante ziehen. Rein mechanisch, kein Verhaltenswechsel.",Diese drei Stellen wuerden jeden Enum-Rename still ueberleben und danach falsch entscheiden. Genau das ist der teure Teil eines Renames (siehe Rename-Impact im Audit).,hoch,LOCAL_FIX,CODE_FIX_ONLY,NONE,NOT_A_CONTRACT,-,P3,OPEN,"Voraussetzung dafuer, dass ein spaeterer Rename ueberhaupt planbar wird."
D-B19,BIO / SLEEP,L0 FACT,Sollen die nie emittierten Alias-Werte sleeping und asleep entfernt werden?,bio_state,"benni_media_policy: BIO_SLEEP_VALUES enthaelt sleeping und asleep -> toter Zweig | benni_media_state: BIO_SLEEP_VALUES enthaelt asleep -> toter Zweig | einhornzentrale radio.yaml: bio in ['sleep','sleeping'] -> toter Zweig; vermutliche Herkunft des Alias",benni_media_policy; benni_media_state; einhornzentrale,Medien; YAML-Konfiguration,LEGACY,NEIN,"EMPFEHLUNG: erst entfernen, NACHDEM ueber einen moeglichen bio_state-Rename entschieden ist. Solange ein Rename sleep -> sleeping im Raum steht, sind genau diese drei Stellen die einzigen, die ihn ueberleben wuerden.","Tote Werte sind hier ausnahmsweise nuetzlich: sie sind eine unfreiwillige Dual-Read-Faehigkeit. Sie jetzt zu entfernen, verteuert einen spaeteren Rename.",hoch,DOCUMENT_ONLY,LEGACY_REMOVAL,TEMP_ALIAS,NOT_A_CONTRACT,D-B01,P3,OPEN,core_state hat sleeping/asleep nie emittiert (belegt in OPR-031); die Herkunft ist radio.yaml.
D-P01,PRESENCE / AWAY,L4 ARBITRATE/GATE,Wer besitzt das Away-EXECUTION-GATE - Core State oder Media State?,presence_personal; presence_effective; presence_away (core); away_gate (media),"benni-core-state: publiziert binary_sensor.*_presence_away als 'canonical away gate for the whole fleet' (abwesend UND kein Activity-Hold) -> auf origin/main KEIN Produktiv-Consumer gefunden | benni_media_state: leitet Away eigenstaendig aus presence_personal ab (ohne Activity-Hold, mit 25-s-Debounce) -> away_gate + presence_state; beliefert media_policy, media_apply und sehr wahrscheinlich blind_control | benni_media_policy / benni_media_apply: lesen media_states Projektion -> harter Media-Block | blind_control: Auto-Suggestion bevorzugt Entities mit away_gate-Attribut - das hat nur media_state -> Away-Kandidat des Rollladens stammt vermutlich aus dem Media-Stack",benni_media_state; benni_media_policy; benni_media_apply; blind_control; benni-core-state,Person; Medien; Rollladen,ARCHITECTURE_DECISION,"JA - der deklarierte Kanon hat keinen Consumer, die faktische Wahrheit liegt in einer Nachbardomaene","EMPFEHLUNG: Owner-Wechsel zurueck zu Core State. Away ist eine Personen-, keine Medienwahrheit. Konkret: media_state konsumiert binary_sensor.*_core_state_presence_away statt presence_personal und projiziert es nur noch (presence_state/away_gate bleiben als Media-Anzeige bestehen). Alternativ - falls das nicht gewollt ist - den Kanonik-Anspruch im Core-State-Code zuruecknehmen und presence_away als reine Diagnose kennzeichnen.","Ein als kanonisch bezeichneter Gate ohne Consumer ist irrefuehrend. Solange media_state Away selbst berechnet, wirkt der Activity-Hold von Core State in der gesamten Media- und vermutlich auch Rollladen-Kette nicht.",hoch (Code-Evidenz); mittel fuer blind_controls Live-Bindung,CONTRACT_CUTOVER,OWNER_CHANGE; BINDING_CHANGE; SEMANTIC_CHANGE,DUAL_READ,CONTRACT_READY,-,P1,OPEN,Blockiert D-P02 und D-P03. Vor der Umsetzung muss die Live-Bindung von blind_control geprueft werden.
D-P02,PRESENCE / AWAY,L4 ARBITRATE/GATE,Soll der Activity-Hold von Core State im Media-Away-Gate wirken?,presence_personal; activity_state; effective_hold_active,"benni-core-state: starke lokale Aktivitaet (private_time/gaming/entertainment/work_home/music=hard, pc_active/household=mid) haelt presence_effective auf assumed home -> presence_away bleibt OFF trotz rohem abwesend | benni_media_state: kennt den Hold nicht; liest nur presence_personal -> ein GPS-Blip bei laufendem Gaming reisst nach 25 s die Audio-Kette ab",benni_media_state; benni_media_policy; benni_media_apply,Person; Medien,BUG,"JA - genau der Fall, fuer den der Hold gebaut wurde, wird im Media-Stack nicht wirksam","EMPFEHLUNG: ja, der Hold soll wirken. Er wurde in core_state PR3 ausdruecklich gebaut, damit ein GPS-Aussetzer bei aktiver lokaler Nutzung die away-gegateten Consumer (ausdruecklich: Media, Tuer) nicht abreisst. Umsetzung faellt mit D-P01 zusammen.","Der Docstring von PresenceAwayBinarySensor nennt Media als Ziel-Consumer. Die Absicht ist dokumentiert, die Verkabelung fehlt.",hoch,CROSS_DOMAIN_HOTFIX,BINDING_CHANGE; SEMANTIC_CHANGE,DUAL_READ,CONTRACT_READY,D-P01,P2,OPEN,Der Hold bricht bei bestaetigtem Far-Away fuer weiche Aktivitaeten (music/entertainment) ohnehin - das Risiko einer haengenden Anwesenheit ist damit begrenzt.
D-P03,PRESENCE / AWAY,L1 NORMALIZE,Wo gehoert der 25-Sekunden-Away-Debounce hin - in den Producer oder in den Consumer?,presence_personal; away_gate,"benni_media_state: ON-Debounce 25 s im eigenen Coordinator; Rueckkehr wirkt sofort -> Media reagiert spaeter auf Weggehen als der Rest der Flotte | benni-core-state: eigene Stabilisierung ueber presence_effective (arriving 5 s, leaving 60 s, stable_away 120 s) -> zwei unabhaengige Zeitkonstanten fuer dieselbe Frage",benni_media_state,Medien; Person,ARCHITECTURE_DECISION,"teilweise - beide Mechanismen sind begruendet, aber unabgestimmt","EMPFEHLUNG: der Debounce bleibt beim Consumer (Media), aber als dokumentierter Consumer-Parameter, nicht als zweite Away-Wahrheit. Medien haben ein legitimes Eigeninteresse an einer traegen Reaktion (Audiokette nicht abreissen); Tuer und Licht haben es nicht.","Ein domaenenspezifisches Zeitverhalten ist kein Duplicate Truth, solange die Klassifikation selbst aus einer Quelle kommt. Genau das stellt D-P01 her.",mittel,DOCUMENT_ONLY,SEMANTIC_CHANGE,NONE,OWNER_INTERNAL,D-P01,P2,OPEN,"Die 25 s erklaeren, warum Core und Media beim Weggehen kurzzeitig auseinanderlaufen koennen."
D-P04,PRESENCE / AWAY,L2 CLASSIFY,"Was bedeutet bei_eltern fachlich - Wohnung leer und Person sicher, oder schlicht abwesend?",presence_personal,"benni_light_policy: PRESENCE_SIM_TRIGGERS = {abwesend, bei_eltern} -> hard_off bzw. Anwesenheitssimulation | benni_media_state: bei_eltern -> away_raw False -> kein Medien-Stopp | plug_policy_engine: is_home_like -> kein Away-Cut | benni_notification_router: HOME_EQUIVALENT_PRESENCE -> lokale Kanaele bleiben erlaubt | benni_door_policy: home-aequivalent fuer Auto-Lock, aber NICHT 'zuhause' fuer Auto-Unlock -> kein Auto-Lock, Auto-Unlock moeglich",benni_light_policy; benni_media_state; plug_policy_engine; benni_notification_router; benni_door_policy,Licht; Medien; Steckdose; Benachrichtigung; Tuer,PRODUCT_DECISION,JA - Licht steht gegen alle uebrigen Domaenen,"EMPFEHLUNG: bei_eltern heisst 'Wohnung leer, Person sicher und erreichbar'. Unter dieser Definition sind ALLE heutigen Verhaltensweisen korrekt, auch die des Lichts - eine Anwesenheitssimulation ist genau dann sinnvoll, wenn die Wohnung leer ist. Es fehlt nur die gemeinsame Aussage, nicht die Angleichung.","Die Divergenz ist kein Fehler, sondern eine unausgesprochene Definition. Wird sie einmal formuliert, loesen sich vier von fuenf scheinbaren Widerspruechen auf.",hoch,DOCUMENT_ONLY,SEMANTIC_CHANGE,NONE,CONTRACT_AFTER_DECISION,-,P2,OPEN,Billigste der P2-Entscheidungen: vermutlich ohne jede Codeaenderung abschliessbar.
D-P05,PRESENCE / AWAY,L3 POLICY,Soll die Anwesenheitssimulation auch bei bei_eltern laufen (nicht nur bei abwesend)?,presence_personal; presence_transition; day_state,benni_light_policy: bei_eltern loest hard_off bzw. Simulation aus; coming_home beendet sie sofort -> Licht verhaelt sich wie bei echter Abwesenheit,benni_light_policy,Licht,NO_PROBLEM,Folgefrage aus D-P04,"EMPFEHLUNG: unveraendert lassen, sofern D-P04 wie empfohlen entschieden wird. Die Wohnung ist bei bei_eltern leer - genau dafuer ist die Simulation da.","Unter der Definition aus D-P04 ist das Licht der einzige Consumer, der die Situation korrekt als 'Wohnung leer' behandelt.",hoch,NO_CHANGE,CODE_FIX_ONLY,NONE,POLICY_INTERNAL,D-P04,P3,OPEN,
D-P06,PRESENCE / AWAY,L0 FACT,Welche Entity-ID ist die kanonische Bindung - clean slug oder system_-Praefix?,alle publizierten States,"benni_door_policy: bindet sensor.system_benni_core_state_presence_effective (+ Legacy-Repoint vom clean slug) -> funktioniert live | einhornzentrale toolbox_readiness.yaml: bindet sensor.benni_core_state_presence_effective (clean) -> andere ID fuer dieselbe Wahrheit | benni_media_policy / benni_media_apply: binden system_ fuer media_states Presence, clean fuer alles uebrige -> gemischt | benni-core-state: Prefill fuer sleep_tv_evidence zeigt auf den clean slug -> live existiert nur der system_-Slug (OPR-141) | benni_light_policy: migration.py behandelt beide Varianten -> einziges Modul mit systematischer Loesung",benni_door_policy; benni-core-state; benni_media_policy; benni_media_apply; einhornzentrale,Betrieb; alle,DRIFT,JA - dieselbe Wahrheit wird unter zwei IDs gebunden,"EMPFEHLUNG: eine einmalige Live-Inventur der tatsaechlichen Entity-IDs, danach eine Regel festlegen, welche Seite der Standard ist (Producer-Rename oder Consumer-Repoint). Das Muster von light_policy (Migration mit beiden Varianten) ist die einzige Loesung im Stack, die beide Faelle ueberlebt.","Das ist keine Semantik-, sondern eine Betriebsfrage. Sie erzeugt aber stille Fehler (presence_effective_missing, tote Prefills), die wie Logikfehler aussehen.","mittel (Code-Evidenz sicher, Live-Zustand ungeprueft)",CROSS_DOMAIN_HOTFIX,BINDING_CHANGE,DUAL_READ,NOT_A_CONTRACT,-,P2,OPEN,"Betrifft auch D-B06/D-B09: ob climate_policy und die sleep_tv_evidence-Kette live ueberhaupt gebunden sind, haengt an dieser Frage."
D-P07,PRESENCE / AWAY,L1 NORMALIZE,Soll blind_control seine Away-Quelle explizit binden statt per Attribut-Heuristik zu erraten?,presence_away (core); presence_state + away_gate (media),blind_control: _is_presence_contract akzeptiert Entities mit away_gate-Attribut oder passendem slug-Attribut; core_states presence_away publiziert beides nicht -> nur media_state erfuellt das Praedikat; der Reason-String heisst trotzdem core_state_away_gate_attribute,blind_control,Rollladen,BUG,"JA - der Auto-Binder waehlt eine andere Quelle, als der Reason-String behauptet","EMPFEHLUNG: die Away-Bindung in blind_control explizit setzen (Options-Flow) und den irrefuehrenden Reason-String korrigieren. Welche Quelle richtig ist, entscheidet D-P01.","Eine Heuristik, die eine andere Domaene waehlt als ihr eigener Diagnosetext angibt, macht jede spaetere Fehlersuche teuer.",hoch (Code); Live-Bindung ungeprueft,LOCAL_FIX,BINDING_CHANGE; CODE_FIX_ONLY,NONE,OWNER_INTERNAL,D-P01,P2,OPEN,Gilt sinngemaess auch fuer die activity_state-Auto-Suggestion (_is_core_activity).
D-P08,PRESENCE / AWAY,L4 ARBITRATE/GATE,Wie soll unbekannte Presence behandelt werden - zurueckhalten oder Beobachtung verwerfen?,presence_state; presence_effective,"benni_media_policy: unknown haelt Auto-Start zurueck, pausiert aber NICHT -> laufende Musik bleibt | blind_control: unknown -> ValueError -> Observation unusable -> kein Away-Kandidat, Quality wird durchgereicht | benni_door_policy: uncertain/stale -> expliziter Blocker -> keine Schloss-Aktion",benni_media_policy; benni_media_apply; blind_control; benni_door_policy,Medien; Rollladen; Tuer,NO_PROBLEM,"NEIN - drei unterschiedliche, aber jeweils konservative Auspraegungen","EMPFEHLUNG: als bewusstes Muster dokumentieren, nicht angleichen. Alle drei erhalten die Unsicherheit als sichtbaren Ausgang, statt sie stillschweigend durch einen Default zu ersetzen - genau das ist die Regel aus der Prozessvorgabe.",Die Domaenen haben unterschiedliche Kosten fuer Fehlentscheidungen (laufende Musik abreissen vs. Rollladen fahren vs. Tuer entriegeln); die jeweils gewaehlte Konservativitaet passt dazu.,hoch,DOCUMENT_ONLY,CODE_FIX_ONLY,NONE,CONTRACT_READY,-,P3,OPEN,Positivbeispiel: so sollte mit unknown/unavailable/stale ueberall umgegangen werden.
D-D01,DAY / ACTIVITY,L1 NORMALIZE,Welche Tagesphasen-Generation ist verbindlich - die neun kanonischen Core-State-Phasen oder die alten acht?,day_state,"benni-core-state (Producer): neun Phasen (seasonal-accordion-v2), mapping.py fuehrt sie als kanonisch -> early_night..late_evening | blind_control: strikt die neun; alles andere -> ValueError -> Observation unusable | benni_light_policy: akzeptiert beide Generationen (CORE_DAY_PHASES + LEGACY_DAY_PHASES) -> funktioniert in jedem Fall | benni_media_policy: Tabellen im 8-Phasen-Vokabular, keine Validierung -> stiller Fallback bei Nichttreffer | benni_climate_policy: prueft u.a. auf late_morning und den nirgends existierenden Wert 'night' -> Regeln feuern nie",benni_media_policy; benni_climate_policy; benni_light_policy; blind_control,Medien; Klima; Licht; Rollladen,ARCHITECTURE_DECISION,JA - zwei Generationen im produktiven Betrieb,"EMPFEHLUNG: die neun Core-State-Phasen sind verbindlich (sie sind in mapping.py bereits als kanonisch erklaert und von zwei Consumern korrekt umgesetzt). Daraus folgen zwei getrennte Schritte: (1) Bindungen auf core_state umstellen (D-D05), (2) die 8er-Tabellen fachlich auf neun Werte erweitern (D-D02, D-D03, D-D04). Schritt 2 ist eine echte Produktentscheidung und darf NICHT mechanisch abgeleitet werden.","Der Producer hat den Contract bereits festgelegt; offen ist nur, welche Pegel und Fenster in den drei neuen Phasen gelten sollen.",hoch,ENUM_MIGRATION,ENUM_RENAME; BINDING_CHANGE; SEMANTIC_CHANGE,MIGRATION_REQUIRED,CONTRACT_READY,-,P1,OPEN,"Blockiert D-D02, D-D03, D-D04 und (in der Reihenfolge) D-D05 fuer media_policy."
D-D02,DAY / ACTIVITY,L1 NORMALIZE,"Welche HomePods-/Denon-Lautstaerke-Baseline gilt in midday, late_afternoon und evening?",day_state,"benni_media_policy: HOMEPODS_BASELINES / DENON_BASELINES kennen diese drei Werte nicht -> _baseline() faellt still auf den flachen Fallback 0.35 / 0.40 zurueck - ohne Fehler, ohne Diagnose",benni_media_policy,Medien,PRODUCT_DECISION,JA - drei von neun Phasen haben faktisch keine Baseline,"EMPFEHLUNG: die Tabellen um die drei Werte ergaenzen. Als Ausgangspunkt (Benni entscheidet die Zahlen): midday nahe afternoon (0.45 / 0.30), late_afternoon zwischen afternoon und evening (0.45 / 0.30), evening am bisherigen early_evening (0.40 / 0.30). Zusaetzlich sollte _baseline() einen Nichttreffer als Diagnose sichtbar machen statt still zu schlucken.","Ein stiller Fallback in drei von neun Phasen ist genau die Klasse Fehler, die man im Betrieb nicht bemerkt. Die Zahlen selbst sind Geschmack und gehoeren zu Benni.",hoch (Befund); niedrig (konkrete Zahlen - reine Produktentscheidung),LOCAL_FIX,VALUE_ONLY; CODE_FIX_ONLY,SAME_RELEASE_REQUIRED,POLICY_INTERNAL,D-D01,P1,OPEN,Muss zusammen mit D-D05 ausgeliefert werden: eine Umbindung auf core_state OHNE erweiterte Tabellen verschlechtert das Verhalten.
D-D03,DAY / ACTIVITY,L4 ARBITRATE/GATE,"Darf der Subwoofer mittags, am spaeten Nachmittag und am Abend laufen?",day_state; lokale Uhrzeit; entertainment_active; headset_active,"benni_media_policy: SUB_ALLOWED_PHASES = (late_morning, forenoon, afternoon, early_evening, late_evening) + Wanduhr-Floor 09:00 -> midday, late_afternoon und evening sind NICHT enthalten -> Subwoofer bleibt aus",benni_media_policy,Medien,PRODUCT_DECISION,JA - der Subwoofer ist mitten am Tag und am Abend gesperrt,"EMPFEHLUNG: midday, late_afternoon und evening aufnehmen. Fachlich war das Fenster als 'ab 09:00 bis einschliesslich spaeter Abend' gemeint; die drei Werte fallen genau in dieses Fenster und fehlen nur, weil sie zur Entstehungszeit nicht existierten.","Das Lastenheft beschreibt ein zusammenhaengendes Tagesfenster. Die heutige Menge ist kein Fenster mehr, sondern ein Loch.",hoch,LOCAL_FIX,VALUE_ONLY,SAME_RELEASE_REQUIRED,POLICY_INTERNAL,D-D01,P1,OPEN,Der 09:00-Wanduhr-Floor bleibt davon unberuehrt und traegt die eigentliche Ruhezeit-Absicht.
D-D04,DAY / ACTIVITY,L3 POLICY,Wann soll das Bad an freien Tagen vorgeheizt werden?,day_state; day_context,benni_climate_policy: (frei AND day_state == late_morning) -> late_morning existiert in core_state nicht -> das Frei-Tag-Fenster kann nie feuern | benni_climate_policy: (Werktag AND early_morning) OR late_evening -> diese beiden Fenster funktionieren,benni_climate_policy,Klima,BUG,JA - eine von drei Preheat-Regeln ist tot,"EMPFEHLUNG: late_morning durch forenoon ersetzen (der naechste Nachfolger in der Neun-Phasen-Ordnung). Ob das fachlich der gewuenschte Zeitpunkt ist, entscheidet Benni - die Regel ueberhaupt wieder scharf zu schalten, ist unstrittig.","Eine Regel, die per Konstruktion nie feuern kann, ist schlimmer als keine Regel: sie taeuscht abgedeckte Funktionalitaet vor.",hoch (Befund); mittel (Ersatzwert),LOCAL_FIX,VALUE_ONLY,NONE,OWNER_INTERNAL,D-D01; D-D05,P2,OPEN,Gleiches Muster wie der tote Wert 'night' in der Nachtmenge derselben Datei.
D-D05,DAY / ACTIVITY,L0 FACT,Sollen die Legacy-Bindungen auf sensor.benni_combined_context_* abgeloest werden?,bio_state; activity_state; day_state; day_context; presence_personal; presence_household; presence_band; presence_transition,"benni_climate_policy: bindet AUSSCHLIESSLICH auf die Combined-IDs (8 von 8 Kontextwerten) -> gesamte Heizlogik haengt an Legacy-IDs | plug_policy_engine: presence, bio, activity ueber Combined-IDs -> Away-Cuts und Schlaf-Cuts haengen daran | benni_media_policy: day_state ueber die Combined-ID -> Volume-Baseline und Subwoofer-Fenster haengen daran | benni_light_policy: Cutover vollzogen, migration.py dokumentiert ihn -> bindet direkt auf core_state | benni-core-state mapping.py: fuehrt alle diese IDs als legacy_references mit legacy_resolution=replace_after_cutover -> der Zielpfad ist bereits definiert",benni_climate_policy; plug_policy_engine; benni_media_policy,Klima; Steckdose; Medien,LEGACY,JA - drei Module haengen an einer als abloesbar markierten Zwischenschicht,"EMPFEHLUNG: ja, ablosen - aber modulweise und in dieser Reihenfolge: (1) plug_policy_engine (einfachste Bindung), (2) climate_policy zusammen mit D-B08/D-B09/D-D04, (3) media_policy ZWINGEND erst nach D-D02 und D-D03. Vorher ist eine Live-Pruefung noetig, ob die Combined-Entities ueberhaupt noch existieren und Werte liefern.","Der Cutover-Pfad ist in mapping.py definiert und von light_policy bereits vorgemacht. Das Risiko liegt nicht im Cutover selbst, sondern in der Reihenfolge: media_policy wuerde ohne erweiterte Tabellen in drei Tagesphasen schlechter werden.",hoch (Code); niedrig (Live-Existenz der Combined-Entities),CONTRACT_CUTOVER,BINDING_CHANGE; LEGACY_REMOVAL,MIGRATION_REQUIRED,CONTRACT_READY,D-D01; D-D02; D-D03,P1,OPEN,"Groesste einzelne Aufraeumaktion des Audits: 16 Kanten. Vor allem aber: solange climate_policy an einer moeglicherweise toten ID haengt, ist die gesamte Heizlogik in ihrem Verhalten unbestimmt."
D-D06,DAY / ACTIVITY,L3 POLICY,"Gilt der Abend-Komfortzuschlag der Heizung noch, nachdem free_time aufgefaechert wurde?",activity_state; day_state,"benni_climate_policy: activity == free_time AND day_state == early_night AND kein Sommermonat -> abends laeuft heute meist entertainment, gaming oder music - free_time kommt kaum noch vor",benni_climate_policy,Klima,DRIFT,JA - die Regel wurde durch eine Producer-Aenderung faktisch entwertet,"EMPFEHLUNG: die Menge auf die Nachfolger von free_time erweitern (entertainment, music, gaming, pc_active, free_time, idle) - also auf 'Nutzer ist abends zuhause und nicht im Arbeits- oder Haushaltsmodus'.","Activity v1 hat den free_time-Sammeltopf bewusst aufgefaechert. Consumer, die auf den Sammeltopf gebaut haben, wurden dabei nicht mitgezogen - das ist derselbe Mechanismus wie beim Licht-Preset-Gate (D-D08).",mittel,LOCAL_FIX,VALUE_ONLY; SEMANTIC_CHANGE,NONE,OWNER_INTERNAL,D-D05,P2,OPEN,Die eigentliche Frage dahinter: welche Activity-Werte bedeuten 'Nutzer ist entspannt zuhause'? Sie stellt sich in D-D08 noch einmal.
D-D07,DAY / ACTIVITY,L2 CLASSIFY,Sollen work_home und work_away produzierbar gemacht oder als Werte zurueckgezogen werden?,activity_state; homeoffice_ping,"benni-core-state: work_home braucht CONF_HOMEOFFICE_PING, das bewusst ungebunden ist; work_away ist nicht in ACTIVITY_PRECEDENCE -> beide Werte werden auf main nie erzeugt | benni_light_policy: work_home -> CCT 5000K -> toter Zweig | benni_notification_router: work_home -> Unterdrueckung -> toter Zweig | benni_media_policy: work_home/work_away -> Boost-Block -> toter Zweig",benni_light_policy; benni_notification_router; benni_media_policy,Licht; Benachrichtigung; Medien,PRODUCT_DECISION,"NEIN - konsistent, aber unerreichbar","EMPFEHLUNG: entweder eine Homeoffice-Quelle binden (dann werden drei implementierte Zweige lebendig) oder die Werte als 'geplant, nicht erzeugt' im Katalog kennzeichnen. Nicht empfohlen: die Consumer-Zweige entfernen - sie sind korrekt und billig zu halten.","Drei Domaenen haben Verhalten fuer einen Zustand implementiert, den niemand erzeugt. Das ist kein Fehler, aber eine offene Produktluecke.",hoch,DOCUMENT_ONLY,SEMANTIC_CHANGE,NONE,CONTRACT_AFTER_DECISION,-,P3,OPEN,"core_state dokumentiert die Nichtbindung ausdruecklich ('work_home ist geplant, nicht faked') - das ist bereits die saubere Variante."
D-D08,DAY / ACTIVITY,L4 ARBITRATE/GATE,"Welche Activity-Werte duerfen einen Szenen-Preset im Licht treiben, nachdem free_time aufgefaechert wurde?",activity_state,"benni_light_policy: ACTIVITY_PRESET_DRIVING = {free_time, idle} -> seit der Auffaecherung feuert der Zweig deutlich seltener; music und entertainment fallen heraus | benni_light_policy: GAMING_ACTIVITY_STATES = {gaming, free_time, idle} - wurde nachgezogen -> das Gaming-Gate ist bereits an die neuen Werte angepasst, das Preset-Gate nicht",benni_light_policy,Licht,DRIFT,"teilweise - innerhalb desselben Moduls wurde ein Gate nachgezogen, das andere nicht","EMPFEHLUNG: pruefen, ob music (und ggf. entertainment) in ACTIVITY_PRESET_DRIVING gehoeren. Musik zu hoeren war frueher free_time und hat Presets getrieben; heute tut es das nicht mehr, ohne dass das entschieden wurde.","Dasselbe Muster wie D-D06: der Producer hat aufgefaechert, ein Teil der Consumer wurde nachgezogen, ein anderer nicht.",mittel,LOCAL_FIX,VALUE_ONLY; SEMANTIC_CHANGE,NONE,POLICY_INTERNAL,-,P3,OPEN,Der fruehere Befund 'Gaming-Ring feuert nie' ist auf main bereits behoben - dieser Nachbarzweig ist es nicht.
D-M01,MEDIA CONTEXT / DEVICE / ACTIVITY,L2 CLASSIFY,"Was bedeutet media_device - Geraete-IDENTITAET, AUDIO-ROUTING oder SCREEN-INTENT?",media_device,"benni_media_apply (DENON_CONSUMER_DEVICES): Audio-Routing: welche Geraete brauchen den Denon als Senke -> Nachlauf-Off blockiert | benni_media_apply (SCREEN_DEVICES): Screen-Intent: tv/appletv brauchen den Bildschirm -> TV wird eingeschaltet (WoL) | benni_media_policy (is_pc_gaming): Audio-Pfad: pc bedeutet Headset statt Raumspeaker -> HomePods spielen weiter, Denon bleibt aus | benni_light_policy: Identitaet: ist MEINE konfigurierte Gaming-Quelle aktiv -> Gaming-Look je Quelle; media_device == tv -> Cinema | blind_control: Screen-Klasse: pc_platforms vs. tv_platforms -> glare_pc / glare_tv; bei Widerspruch ScreenEvidenceConflict",benni_media_apply; benni_media_policy; benni_light_policy; blind_control,Medien; Licht; Rollladen,ARCHITECTURE_DECISION,JA - ein Enum traegt drei fachliche Bedeutungen,"EMPFEHLUNG: media_device bleibt das beschreibende Primaergeraet (Identitaet). Die beiden abgeleiteten Bedeutungen werden als eigene Felder publiziert - am sinnvollsten als zusaetzliche Felder des bestehenden activity_context-Feeds, nicht als neue Entities: (a) audio_sink_consumer (bool oder Enum), (b) screen_class (none|tv|pc|other, siehe D-M02).","Solange die drei Bedeutungen in einem Wert stecken, muss jeder Consumer sie neu ableiten - und jeder tut es anders. Die appletv-Luecke (D-M03) ist die direkte Folge davon.",hoch,SEMANTIC_SPLIT,NEW_CONTRACT; SEMANTIC_CHANGE,DUAL_PUBLISH,CONTRACT_AFTER_SPLIT,-,P1,OPEN,Blockiert D-M02 und D-M03. media_device selbst bleibt unveraendert - die Aufteilung ist additiv.
D-M02,MEDIA CONTEXT / DEVICE / ACTIVITY,L2 CLASSIFY,"Soll es eine publizierte screen_class geben, statt dass vier Consumer 'welche Bildschirmart laeuft' unabhaengig ableiten?",media_context; media_device; gaming_platform; entertainment_active; activity_state; activity_context,"benni_light_policy: media_context in {tv,streaming} OR media_device == tv, plus entertainment_stable -> Cinema-Look | blind_control: eigener Adapter _convert_activity mit eigener Vorrangregel ueber 6 Felder -> pc|tv|screen|none -> glare_* | plug_policy_engine: media_context in {movie,streaming,tv,video} OR (gaming AND gaming_source==tv) -> Bias Light | einhornzentrale import.yaml: eigene Combined-Projektion ueber entertainment + tv -> Bias Light (zweite Wahrheit)",benni_light_policy; blind_control; plug_policy_engine; einhornzentrale,Medien; Licht; Rollladen; Steckdose,ARCHITECTURE_DECISION,JA - vier Antworten auf dieselbe Frage aus vier Feldkombinationen,"EMPFEHLUNG: ja. screen_class (none|tv|pc|other) als Feld des activity_context-Feeds, mit einer Evidenzliste im Attribut. Das vorhandene Vorbild ist blind_controls _convert_activity - es ist die vollstaendigste Ableitung und kann als Referenzimplementierung dienen, wandert dann aber in den Producer.","Der Media-Stack weiss als einziger, welches Geraet gerade den Bildschirm treibt. Dass drei fremde Domaenen das aus Rohfeldern rekonstruieren, ist die Ursache der Uneinheitlichkeit.",hoch,SEMANTIC_SPLIT,NEW_CONTRACT,DUAL_PUBLISH,CONTRACT_AFTER_SPLIT,D-M01,P2,OPEN,Loest zugleich D-M03 und D-M08 auf.
D-M03,MEDIA CONTEXT / DEVICE / ACTIVITY,L1 NORMALIZE,Soll appletv in blind_control als tv-Plattform gelten?,media_device,"benni_media_apply: appletv in SCREEN_DEVICES -> TV wird fuer Apple TV eingeschaltet | blind_control: tv_platforms = {ps5, playstation, xbox, switch, tv}; appletv fehlt -> ein Apple-TV-Abend liefert KEINE explizite Screen-Klasse -> kein glare_tv ueber diesen Pfad",blind_control,Rollladen,BUG,"JA - dasselbe Geraet ist in einer Domaene ein Bildschirm, in der anderen nicht",EMPFEHLUNG: appletv in tv_platforms aufnehmen. Kurzfristiger Einzeiler; mittelfristig durch D-M02 ohnehin abgeloest.,"Apple TV ist im Haushalt der Hauptweg fuer Streaming. Dass ausgerechnet dabei der Blendschutz nicht ueber die explizite Evidenz greift, ist eine Luecke, kein Entwurf.",hoch,LOCAL_FIX,VALUE_ONLY,NONE,OWNER_INTERNAL,-,P1,OPEN,Teilweise abgefedert: entertainment_active setzt tv_active auch ohne explizite Klasse - aber erst auf der schwaecheren Evidenzstufe.
D-M04,MEDIA CONTEXT / DEVICE / ACTIVITY,L4 ARBITRATE/GATE,"Soll der activity_context-Feed Quality und Freshness selbst publizieren, statt dass Core State ueber last_updated schaetzt?",activity_context; Zeitstempel des Feed-Sensors,"benni_media_state (Producer): publiziert reason und hold_strength, aber KEIN quality-/freshness-Feld -> Consumer muss schaetzen | benni-core-state: consumer-seitiges Alters-Gate 1800 s auf last_updated; explizite Marker haetten Vorrang -> ein eingefrorener Feed-Wert gilt bis zu 30 Minuten als frisch",benni-core-state,Medien; Person,ARCHITECTURE_DECISION,"JA - Luecke, nicht Widerspruch","EMPFEHLUNG: ja. Der Feed bekommt quality und freshness als Attribute (das Consumer-Gate liest sie bereits bevorzugt aus - es muss also nichts umgebaut werden, nur befuellt). Das ist der billigste und zugleich nuetzlichste Contract-Schritt des gesamten Audits. Ob das als Core Contract (media.activity.v1) oder als Attribut am bestehenden Sensor geschieht, ist eine getrennte Frage.","Es gibt genau eine Producer-zu-Producer-Kante im Stack, und ausgerechnet sie hat kein Qualitaetssignal. Das Vorbild liegt im selben Repo: activity_decision an core_states activity_state liefert Gewinner, Kandidaten, Freshness je Quelle, quality_status, degraded_reason und Zeitstempel - ganz ohne Contract-Layer.",hoch,CONTRACT_CUTOVER,NEW_CONTRACT; CONTRACT_VERSION,DUAL_READ,CONTRACT_READY,-,P1,OPEN,core-contracts@main dokumentiert media.activity.v1 bereits als Beispiel - es existiert aber weder Code noch Registry-Eintrag.
D-M05,MEDIA CONTEXT / DEVICE / ACTIVITY,L4 ARBITRATE/GATE,Wer besitzt die Hold-Staerke - der Media-Feed oder Core State?,activity_context (attr hold_strength); activity_state,"benni_media_state: publiziert hold_strength (hard fuer private_time/gaming, soft fuer entertainment/music, none fuer idle) -> wird von Core State nicht gelesen | benni-core-state: eigenes ACTIVITY_HOLD_STRENGTH (high/mid/none) plus SOFT_HOLD_ACTIVITIES -> entscheidet den Presence-Hold ausschliesslich selbst",benni-core-state,Medien; Person,ARCHITECTURE_DECISION,"teilweise - zwei parallele Modelle, heute ohne Widerspruch im Ergebnis","EMPFEHLUNG: Core State behaelt die Hold-Staerke. Die Hold-Frage ist 'darf lokale Aktivitaet ein rohes abwesend ueberstimmen' - das ist eine Presence-Entscheidung, keine Medienentscheidung. Konsequenz: hold_strength im Feed wird als reines Diagnose-/Anzeigefeld gekennzeichnet oder entfernt.","Solange beide Modelle existieren und nur eines wirkt, sieht ein Leser im Cockpit eine Staerke, die nichts bewirkt.",mittel,DOCUMENT_ONLY,SEMANTIC_CHANGE,NONE,OWNER_INTERNAL,D-M04,P2,OPEN,"Falls der Feed spaeter ein Contract wird (D-M04), sollte hold_strength nicht Teil des Contracts sein."
D-M06,MEDIA CONTEXT / DEVICE / ACTIVITY,L0 FACT,Sind die als 'nur Debug' deklarierten Attribute am activity_state-Sensor Teil des Consumer-Contracts?,"activity_state (attrs media_context, media_device, entertainment_active, gaming_platform, media_activity_context)",benni-core-state: Code-Kommentar: 'Debug-Echo aus media_state (treiben die Entscheidung NICHT mehr)' -> als entscheidungsfrei deklariert | blind_control: liest genau diese Attribute als Evidenz fuer die Screen-Klasse -> glare_pc/glare_tv/glare_general haengen produktiv daran,blind_control; benni-core-state,Person; Rollladen,ARCHITECTURE_DECISION,JA - ein als Debug gekennzeichnetes Feld ist Produktiv-Input einer anderen Domaene,"EMPFEHLUNG: entweder als Teil des Contracts anerkennen und entsprechend kennzeichnen (Attribute duerfen dann nicht ohne Ankuendigung entfallen), oder blind_control auf den Media-Feed direkt binden. Letzteres ist sauberer und faellt mit D-M02 zusammen.","'Debug' ist eine Zusage, dass man das Feld jederzeit aendern darf. Diese Zusage stimmt heute nicht - ein Entfernen wuerde den Blendschutz stillschweigend deaktivieren.",hoch,DOCUMENT_ONLY,SEMANTIC_CHANGE; BINDING_CHANGE,DUAL_READ,CONTRACT_AFTER_DECISION,D-M02,P2,OPEN,Zweiter Hop derselben Media-Wahrheit: media_state -> core_state (Attribut) -> blind_control.
D-M07,MEDIA CONTEXT / DEVICE / ACTIVITY,L3 POLICY,Ist audio_owner eine Soll-Entscheidung oder eine Ist-Beobachtung?,media_context; media_device; homepods_state,"benni_media_policy: Prioritaet des Soll-Stacks aus dem Kontext PLUS die Beobachtung, dass die HomePods gerade spielen -> audio_owner mischt beides; AUDIO_OWNER_SLEEP ist definiert, wird nie emittiert | benni_media_apply: liest audio_owner == private_stack als Private-Indikator -> Private-Exit-Flanke -> Denon-Off-Delay | benni_media (Umbrella): zeigt audio_scenario (reine Soll-Wahrheit) als Hero -> die saubere Trennung existiert bereits daneben",benni_media_apply; benni_media,Medien,ARCHITECTURE_DECISION,"JA - der Name sagt Entscheidung, der Wert ist teilweise Beobachtung","EMPFEHLUNG: der bereits in control#7 vorgeschlagenen Namenskonvention folgen - Ist/Beobachtung als *_current bzw. *_observed, Soll als *_target bzw. *_desired, Freigabe als *_allowed. Konkret: audio_scenario ist bereits die Soll-Wahrheit; audio_owner wird zur reinen Ist-Beobachtung (audio_owner_current) reduziert oder entsprechend umbenannt. AUDIO_OWNER_SLEEP entfaellt.",Genau dieser Namensfehler hat laut control#7 bereits zu unmoeglichen Starts gefuehrt (Apply las eine Beobachtung als Start-Vorbedingung). Der Befund ist damit unabhaengig belegt.,hoch,SEMANTIC_SPLIT,ENUM_RENAME; SEMANTIC_CHANGE; LEGACY_REMOVAL,DUAL_PUBLISH,POLICY_INTERNAL,-,P2,OPEN,Direkter Anschluss an den Naming-Input vom 11.09.2026 in control#7.
D-M08,MEDIA CONTEXT / DEVICE / ACTIVITY,L3 POLICY,Soll es eine oder zwei Bias-Light-Wahrheiten geben?,media_context; gaming_source; entertainment_active; tv_active,plug_policy_engine: _decide_bias_light aus media_context + gaming_source + tv_active-Gegenprobe -> DESIRED_ON/OFF fuer die Steckdose | einhornzentrale import.yaml: media_bias_light_should_be_on aus sensor.benni_combined_media_entertainment_active + tv -> zweiter Combined-Output fuer dieselbe Frage,plug_policy_engine; einhornzentrale,Steckdose; YAML-Konfiguration,LEGACY,JA - DUPLICATE_CALCULATION,"EMPFEHLUNG: eine Wahrheit, und zwar plug_policy_engine (es ist der Owner der Steckdose und hat die tv_active-Gegenprobe aus control#35). Den Combined in import.yaml zurueckbauen - abhaengig davon, ob er live ueberhaupt aktiv ist (D-S04).","Zwei Wahrheiten fuer dieselbe Steckdose sind der klassische Weg zu Flapping, sobald beide eine Aktion ausloesen duerfen.",mittel,LOCAL_FIX,LEGACY_REMOVAL,UNKNOWN,NOT_A_CONTRACT,D-S04,P3,OPEN,"Der Combined bindet zusaetzlich auf eine Legacy-Entertainment-ID, nicht auf media_state."
D-M09,MEDIA CONTEXT / DEVICE / ACTIVITY,L0 FACT,Sollen die toten media_context-Werte movie und video entfernt werden?,media_context,"plug_policy_engine: want_on = media in {movie, streaming, tv, video} ... -> movie und video werden von media_state nie emittiert",plug_policy_engine,Steckdose,LEGACY,NEIN,EMPFEHLUNG: entfernen. Anders als die bio-Aliase (D-B19) haben sie keinen Nutzen als Dual-Read-Reserve - es steht kein media_context-Rename im Raum.,Reine Toolbox-Altlast; erhoeht nur den Leseaufwand.,hoch,LOCAL_FIX,LEGACY_REMOVAL,NONE,NOT_A_CONTRACT,-,P3,OPEN,
D-M10,MEDIA CONTEXT / DEVICE / ACTIVITY,L2 CLASSIFY,Braucht der Title-Classifier-Enum 3 (gaming_grind_preemptible) einen eigenen Subcontext-Wert?,media_subcontext; ps5_enum; pc_enum,benni_media_state: ENUM_GAME_GRIND_PREEMPTIBLE = 3 existiert als Konstante -> es gibt keinen SUB_GAME_*-Wert dafuer | benni_media_policy: is_grind prueft subcontext == gaming_grind -> Enum 3 kann die Grind-Sonderbehandlung nicht ausloesen,benni_media_state; benni_media_policy,Medien,DRIFT,teilweise - Luecke zwischen Classifier und Subcontext-Enum,"EMPFEHLUNG: klaeren, ob Enum 3 fachlich wie gaming_grind behandelt werden soll (dann auf denselben Subcontext mappen) oder ob ein eigener Wert noetig ist (dann auch media_policy erweitern).",Ein Classifier-Wert ohne Gegenstueck im Consumer-Enum faellt still in den Default-Zweig.,mittel,LOCAL_FIX,VALUE_ONLY,SAME_RELEASE_REQUIRED,OWNER_INTERNAL,-,P3,OPEN,"Nicht Teil des Cross-Domain-Scopes, aber beim Lesen von media_state aufgefallen."
D-S01,SHARED / DEBUG OUTPUTS,L2 CLASSIFY,Soll die YAML-Doppelberechnung von presence_preheat_active zurueckgebaut werden?,presence_band; presence_preheat_active,"benni-core-state: publiziert binary_sensor.*_presence_preheat_active mit Quelle, Startzeit und Maximaldauer -> vollstaendiger Output inkl. Diagnose | einhornzentrale import.yaml: context_presence_preheat_active = (band == preheat) -> Zweitberechnung ohne die Zeitbegrenzung des Owners",einhornzentrale,YAML-Konfiguration,LEGACY,"JA - DUPLICATE_CALCULATION mit abweichender Semantik (Owner hat ein Zeitfenster, der Combined nicht)","EMPFEHLUNG: zurueckbauen und Consumer auf den Owner-Output binden - abhaengig davon, ob der Combined live ist (D-S04).","Die YAML-Variante ist nicht nur doppelt, sie ist auch fachlich aermer: sie kennt die Preheat-Maximaldauer nicht.",hoch (Befund); niedrig (Live-Wirksamkeit),LOCAL_FIX,LEGACY_REMOVAL; BINDING_CHANGE,UNKNOWN,NOT_A_CONTRACT,D-S04,P3,OPEN,core_states presence_preheat_active hat auf main ebenfalls keinen direkten Consumer.
D-S02,SHARED / DEBUG OUTPUTS,L0 FACT,Sollen master_context und live_status Contract-Status bekommen?,master_context; live_status,einhornzentrale toolbox_readiness.yaml: prueft master_context nur auf Existenz -> Readiness-Flag | (live_status): kein Produktiv-Consumer auf origin/main -> reine Anzeige,einhornzentrale,Betrieb,NO_PROBLEM,NEIN,"EMPFEHLUNG: nein, beide bleiben NOT_A_CONTRACT. Wichtig ist nur das Bewusstsein, dass master_context eine gepunktete Verkettung aller fuenf Kernwerte ist - jeder Enum-Rename aendert diesen String implizit mit.",Beide sind Anzeigeprojektionen ohne eigene Wahrheit. Ein Contract wuerde nur Pflege kosten.,hoch,NO_CHANGE,CODE_FIX_ONLY,NONE,NOT_A_CONTRACT,-,P3,OPEN,
D-S03,SHARED / DEBUG OUTPUTS,L5 EXECUTE,Soll das action-Enum zwischen media_policy und media_apply geteilt statt kopiert werden?,action,benni_media_policy: definiert none|pause_homepods|resume_homepods|start_radio -> Producer | benni_media_apply: haelt eine KOPIE der Konstanten (kein Import) und ergaenzt turn_off_denon -> Consumer mit Eigenerweiterung,benni_media_apply,Medien,ARCHITECTURE_DECISION,"teilweise - bewusste Entkopplung, aber ohne Versionierung","EMPFEHLUNG: die Kopie beibehalten (der bewusste Verzicht auf Cross-Modul-Imports ist eine tragende Architekturregel des Stacks), aber die Kopplung sichtbar machen - etwa durch einen Contract-Versionsstring in beiden Modulen und einen Test, der die Wertemengen vergleicht.","Die Entkopplung ist gewollt und richtig. Nicht gewollt ist, dass eine Enum-Erweiterung auf der einen Seite auf der anderen unbemerkt bleibt.",mittel,DOCUMENT_ONLY,CONTRACT_VERSION,SAME_RELEASE_REQUIRED,POLICY_INTERNAL,-,P3,OPEN,Gilt sinngemaess fuer alle KOPIERTEN const-Bloecke zwischen den Media-Modulen.
D-S04,SHARED / DEBUG OUTPUTS,L0 FACT,Ist benni_core_devices/import.yaml live wirksam oder ein reines Config-Artefakt?,alle Combined-Definitionen in import.yaml,"einhornzentrale import.yaml: definiert u.a. context_bio_wake_candidate, context_presence_preheat_active, media_bias_light_should_be_on -> Wirksamkeit unbekannt - laut Betriebsstand fehlt der bulk_import-Service",einhornzentrale,YAML-Konfiguration; Betrieb,DRIFT,unklar,"EMPFEHLUNG: einmalig live pruefen, ob die in import.yaml definierten Combineds als Entities existieren. Das Ergebnis entscheidet, ob D-B14, D-M08 und D-S01 ueberhaupt Arbeit sind oder nur Dokumentation.",Vier Decisions dieses Reviews haengen an dieser einen Tatsachenfrage. Sie ist read-only in wenigen Minuten beantwortbar.,niedrig (das ist ja die Frage),DOCUMENT_ONLY,CODE_FIX_ONLY,UNKNOWN,NOT_A_CONTRACT,-,P2,OPEN,Billigste Klaerung mit der groessten Hebelwirkung auf die P3-Liste.
D-S05,SHARED / DEBUG OUTPUTS,L0 FACT,Was geschieht mit publizierten States ohne jeden Consumer?,presence_effective_transition; presence_preheat_active; live_status; presence_away,benni-core-state: vier publizierte Outputs ohne gefundenen Produktiv-Consumer auf main -> presence_away ist der einzige davon mit Kanonik-Anspruch,-,Person,NO_PROBLEM,teilweise,EMPFEHLUNG: nicht entfernen. live_status und presence_effective_transition sind Anzeige- bzw. Diagnoseprojektionen und billig. presence_away ist ein Sonderfall und gehoert zu D-P01. presence_preheat_active sollte Consumer bekommen statt in YAML nachgebaut zu werden (D-S01).,"Ein Output ohne Consumer ist nicht automatisch falsch - aber einer, der sich selbst als kanonisch bezeichnet, schon.",hoch,DOCUMENT_ONLY,CODE_FIX_ONLY,NONE,OWNER_INTERNAL,D-P01; D-S01,P3,OPEN,
D-W01,WAKE / TRANSITIONS,L2 CLASSIFY,Wer besitzt die Weckentscheidung - ha_wake_planner oder Core State?,wake_state; next_wake; wake_needed; holiday_active,ha_wake_planner: publiziert alle vier Werte -> heutiger Producer | benni-core-state: publiziert eigene Werte unter sensor.*_core_state_wake_* und vergleicht sie im Shadow -> zweite Publikation derselben Entscheidung | benni-core-state mapping.py: fuehrt alle vier als STATUS_PLANNED mit Ziel core_state -> Zielrichtung ist bereits festgelegt | benni_media_policy: liest wake_needed als Flanke -> manual_stop-Reset,benni-core-state; benni_media_policy,Zeit; Person; Medien,ARCHITECTURE_DECISION,"JA - Doppelpublikation, aber mit bereits definierter Zielrichtung","EMPFEHLUNG: der in mapping.py festgelegte Ziel-Owner (Core State) ist plausibel und sollte bestaetigt werden. Offen ist nicht die Richtung, sondern das Freigabe-Gate und die Reihenfolge - dafuer existieren bereits control#27 (Shadow-Paritaet), control#28 (Cutover-Gate) und control#29 (Repo-Archivierung).","Dieser Audit liefert dazu keine neue Evidenz; er bestaetigt nur, dass die Doppelpublikation weiter besteht und dass core_state den alten Planner heute nur noch als Fallback-Eingang fuehrt.",hoch,CONTRACT_CUTOVER,OWNER_CHANGE; BINDING_CHANGE,DUAL_PUBLISH,CONTRACT_AFTER_DECISION,-,P2,OPEN,Bereits als eigene Issue-Flotte erfasst (control#27/#28/#29/#30) - hier nur als Abhaengigkeit von D-W02 gefuehrt.
D-W02,WAKE / TRANSITIONS,L4 ARBITRATE/GATE,"Was ist der kanonische Wake-TRIGGER - bio_state == waking, die bio-Flanke nach awake, oder ein geplanter Weckzeitpunkt (wake_needed)?",bio_state; wake_needed,"benni_media_apply: Flanke in {awake, waking} loest die Wake-Sequenz aus -> HomePods-Startlautstaerke, Ramp, Radio-Autostart | benni_media_policy: bio_state == ""waking"" ODER wake_needed haelt die Musik-Baseline zurueck -> Baseline schweigt im Wake-Fenster | benni_media_policy: steigende wake_needed-Flanke setzt manual_stop zurueck -> nur fuer einen Tick | benni_light_policy: bio_state == waking -> Weckerlicht | blind_control: bio_state == waking -> waking-Ziel plus Pause aller Umweltanforderungen",benni_media_apply; benni_media_policy; benni_light_policy; blind_control,Medien; Licht; Rollladen; Person,PRODUCT_DECISION,JA - drei verschiedene Trigger fuer dieselbe Lebenslage,"EMPFEHLUNG: waking ist der kanonische ZUSTAND fuer alle Zielentscheidungen (Licht, Rollladen, Baseline-Schweigen). Der geplante Weckzeitpunkt (wake_needed bzw. sein Core-State-Nachfolger) sollte der Trigger fuer die AKTION Wake-Sequenz sein. Damit faellt auch D-B16 auseinander: Stop-Latch-Reset auf jede Wach-Flanke, Musikstart nur auf einen geplanten Weckzeitpunkt.","Benni hat die Frage in control#7 selbst gestellt ('ob der richtige Trigger der Bio-State oder ein Activity-State ist, ist noch offen'). Dieser Audit liefert die Faktenlage dazu: fuenf Consumer, drei Trigger, und ein spontanes Aufstehen um 23:40 startet heute Musik.",hoch,SEMANTIC_SPLIT,SEMANTIC_CHANGE; BINDING_CHANGE,SAME_RELEASE_REQUIRED,CONTRACT_AFTER_DECISION,D-W01,P2,OPEN,"Blockiert D-B16. Beruehrt unmittelbar den Zielbild-Input aus control#7 ('Logiken reagieren auf States, mit eindeutigen Triggerpunkten')."
D-W03,WAKE / TRANSITIONS,L6 LIFECYCLE/RECOVERY,Soll der manual_stop-Reset laenger als einen Tick halten?,wake_needed; media_stop_latch,"benni_media_policy: steigende wake_needed-Flanke setzt manual_stop=False -> steht der externe input_boolean.media_stop_latch weiter auf on, setzt der naechste Tick manual_stop erneut auf True | benni_media_apply: loest den externen Latch auf der Bio-Wach-Flanke -> der effektive Reset kommt nur von hier",benni_media_policy; benni_media_apply,Medien,BUG,"JA - der Policy-Reset ist wirkungslos, solange der externe Latch steht",EMPFEHLUNG: der Policy-interne Reset gehoert entweder entfernt (weil Apply den externen Latch loest) oder er muss den externen Latch mitloesen. Beides ist eine Folgeentscheidung aus D-W04.,"Ein Reset, der einen Tick spaeter wieder ueberschrieben wird, sieht im Log aus wie eine funktionierende Freigabe und ist keine.",hoch,LOCAL_FIX,CODE_FIX_ONLY; SEMANTIC_CHANGE,NONE,POLICY_INTERNAL,D-W04,P2,OPEN,Bestaetigt OPR-063.
D-W04,WAKE / TRANSITIONS,L6 LIFECYCLE/RECOVERY,Wer besitzt den Stop-Latch?,input_boolean.media_stop_latch; manual_stop (media_policy),"benni_media_policy: fuehrt ein eigenes manual_stop im RAM, liest zusaetzlich den externen Latch -> das Policy-interne Flag wird vom externen Latch ueberschattet | benni_media_apply: loest den externen Latch auf der Bio-Wach-Flanke -> einziger automatischer Loeser | einhornzentrale (Skripte): script.system_bedtime_mode setzt ihn; mehrere Altskripte loeschen ihn -> drei Wege fuer dieselbe Absicht 'Schlafmodus'",benni_media_policy; benni_media_apply; einhornzentrale,Medien; YAML-Konfiguration,ARCHITECTURE_DECISION,"JA - kein Owner, drei Schreiber","EMPFEHLUNG: genau einen Owner festlegen. Naheliegend ist media_policy (dort entsteht die Entscheidung 'Nutzer hat gestoppt'), mit dem externen input_boolean als reinem Bedienelement. Die Altskripte, die denselben Zustand parallel setzen, entfallen.","Der Fall ist in control#7 am 12.09.2026 bereits mit einem konkreten Vorfall belegt (Latch blieb von 02:xx bis zum manuellen Eingriff stehen, weil der einzige automatische Loeser durch eine Regression blockiert war).",hoch,SEMANTIC_SPLIT,OWNER_CHANGE; SEMANTIC_CHANGE; LEGACY_REMOVAL,MIGRATION_REQUIRED,POLICY_INTERNAL,-,P2,OPEN,Blockiert D-W03. Der Stop-Latch ist kein publizierter State der beiden State-Engines und deshalb im Katalog nicht enthalten - er taucht hier nur als Consumer-Kante auf.
