state_value,producer,producer_level,media_state,media_policy,media_apply,media_ux,core_state,core_devices,core_contracts,light,climate,blind,door,plug,notification,wake,einhornzentrale_yaml,eltern_haos,canonical_owner_heute,semantic_conflict,rename_impact,candidate_future_owner,architecture_note
bio_state = sleep,core_state,L2,L6: sleep_strict -> private-Latch-Clear [E-011],L3: sleep_like -> pause+Resume-Block [E-001]; L4: Baseline aus [E-002],L3: sleep_strict -> Autostart aus [E-004]; L4: sleep_like -> Repair-Block [E-005]; L6: TV-Timer [E-009],-,L4: erzwingt bei abwesend awake [E-077],-,-,L3: hard_off [E-014],L3: Heizprofil OFF [E-200],L3: sleep-Ziel [E-016]; L6: Override-Key [E-019],-,"L3: asleep -> Bias/Diffuser aus, PC-Cut [E-022]","L4: Media+Licht verworfen, Push deferred [E-020]",-,L2: wake_candidate [E-024]; L0: readiness OK [E-025],n/a (Integration nicht installiert),CORE_STATE,nein (alle Consumer werten sleep als Schlaf),"CRITICAL - 12 Fundstellen, davon 4 harte String-Literale",KEEP_CURRENT,"Der einzige bio-Wert ohne Interpretationsstreit. Ein Rename ist rein mechanisch, aber breit."
bio_state = provisional_sleep,core_state,L2,KEIN Clear (BIO_SLEEP_VALUES ohne PS) [E-011],"L3: zaehlt als Schlaf -> pause, HP-Ziel 0.0 [E-001]",L3: bio_sleep=False -> Autostart ERLAUBT [E-004]; L4: Repair blockiert [E-005]; L6: TV-Timer laeuft [E-009],-,L4: PS->S nur ueber sleep_tv_evidence [E-026],-,-,L3: hard_off (BIO_SLEEP_CONTEXTS) [E-014],"KEIN Heizungs-Aus (Menge nur {sleep, waking}) [E-200]",L3: sleep-Ziel (EFFECTIVE_SLEEP_STATES) [E-016],-,KEIN Cut (asleep nur bei sleep) [E-022],KEINE Unterdrueckung (BIO_STATES ohne PS) [E-020],-,"KEIN wake_candidate; readiness meldet NICHT BEREIT [E-024, E-025]",n/a (Integration nicht installiert),CORE_STATE,JA - fuenf verschiedene Sleep-Definitionen im Stack,HIGH,KEEP_CURRENT,"Die wichtigste offene Semantikfrage: Licht, Rollladen und Media-Policy sagen 'Schlaf'; Apply-Autostart, Steckdose, Benachrichtigung, Media-Latch, Klima und YAML sagen 'wach'."
bio_state = waking,core_state,L2,-,L4: Wake-Fenster -> Baseline schweigt [E-003],L4: Teil von BIO_AWAKE_VALUES -> Flanke [E-007]; L4: repair erlaubt [E-006],-,L4: Timeout 30 min -> awake,-,-,"L3: Weckerlicht, Lux-Gate aus [E-013]",L3: Heizprofil OFF (waking zaehlt als Schlaf!) [E-200],L3: waking-Ziel [E-017]; L4: pausiert Blend-/Hitzeschutz [E-018]; L6: shadow.py [E-019],-,-,L4: Media-Route gedaempft [E-021],-,L2: wake_candidate [E-024],n/a (Integration nicht installiert),CORE_STATE,"nein, aber drei Consumer nutzen harte Literale statt Konstanten",HIGH - u.a. media_policy logic.py:350 und media_apply logic.py:487,KEEP_CURRENT,"waking ist der einzige Wert, der bei einem Consumer (blind_control) andere Anforderungen aktiv PAUSIERT statt nur zu ueberstimmen."
bio_state = awake,core_state,L2,-,-,L6: Wake-Flanke (mit waking) [E-007],-,L4: Voraussetzung fuer PS-Eintritt [E-045],-,-,L2: Nacht+awake-Zweig [E-015],-,-,-,-,-,-,L0: readiness OK [E-025],n/a (Integration nicht installiert),CORE_STATE,nein,MEDIUM,KEEP_CURRENT,Default-Zustand; wenige explizite Praedikate.
activity_state = private_time,core_state,L2 (Arbiter),-,L1: Matrix-Lookup (0.0) [E-038],-,-,L4: HOLD_HIGH -> haelt presence home [E-043],-,-,L3: private_time-Look [E-030],-,L1: -> 'none' (kein Blendkontext) [E-035],-,-,L4: mask/suppress [E-041],-,-,n/a (Integration nicht installiert),CORE_STATE,nein,"HIGH - zusaetzlich media_state media_context=private_time (gleicher String, anderer Producer)",KEEP_CURRENT,"Der String private_time existiert in DREI Enums: core activity_state, media_context und media activity_context."
activity_state = gaming,core_state,L2 (Arbiter),-,L1: Matrix-Lookup [E-038],-,-,L4: HOLD_HIGH (harter Anker) [E-043],-,-,L4: Gaming-Ring-Gate [E-034],-,"L1: general_active -> 'screen' -> glare_general [E-035, E-036]",-,-,-,-,-,n/a (Integration nicht installiert),CORE_STATE,nein,HIGH - blind_control wirft bei unbekanntem Wert ValueError,KEEP_CURRENT,"gaming fuehrt bei blind_control zu glare_general, nicht zu glare_tv/glare_pc - die Plattform-Evidenz kommt separat aus den Attributen."
activity_state = entertainment,core_state,L2 (Arbiter),-,L1: Matrix-Lookup [E-038],-,-,"L4: HOLD_HIGH, aber SOFT (bricht bei far-away) [E-043, E-044]; L4: PS-Eintrittsbedingung [E-045]; L4: schlaegt sleep bei TV [E-046]",-,-,-,-,"L1: -> 'tv' -> glare_tv [E-035, E-036]",-,-,-,-,-,n/a (Integration nicht installiert),CORE_STATE,nein,CRITICAL - steuert den PS-Eintritt (E-045),KEEP_CURRENT,"Der einzige activity-Wert, der den Schlaf-Lifecycle selbst autorisiert."
activity_state = music,core_state,L2 (Arbiter),-,L1: Matrix-Lookup [E-038],-,-,"L4: HOLD_HIGH aber SOFT (bricht bei far-away) [E-043, E-044]",-,-,-,-,L1: -> 'none' [E-035],-,-,-,-,-,n/a (Integration nicht installiert),CORE_STATE,nein,MEDIUM,KEEP_CURRENT,Erst seit Activity v1 ein eigener Wert; frueher Teil von free_time.
activity_state = pc_active,core_state,L2 (Arbiter),-,-,-,-,L4: HOLD_MID [E-043],-,-,BEWUSST NICHT im Gaming-Gate [E-034],-,"L1: -> 'pc' -> glare_pc [E-035, E-036]",-,-,-,-,-,n/a (Integration nicht installiert),CORE_STATE,"nein, aber bewusst unterschiedlich behandelt",HIGH,KEEP_CURRENT,"Licht schliesst pc_active bewusst aus dem Gaming-Gate aus, Rollladen nutzt genau ihn fuer glare_pc. Beides begruendet."
activity_state = work_home,core_state,L2 (Arbiter),-,L4: Boost-Block [E-037],-,-,L4: HOLD_HIGH [E-043],-,-,L3: CCT 5000K [E-031],-,L1: -> 'none' [E-035],-,-,L4: Unterdrueckung [E-040],-,-,n/a (Integration nicht installiert),CORE_STATE,nein,LOW - auf main nicht produzierbar (CONF_HOMEOFFICE_PING ungebunden),KEEP_CURRENT,"Drei Consumer implementieren einen Wert, den der Producer aktuell nie erzeugt."
activity_state = work_away,core_state,"publiziert, nie erzeugt",-,L4: Boost-Block [E-037],-,-,-,-,-,-,-,L1: -> 'none' [E-035],-,-,-,-,-,n/a (Integration nicht installiert),CORE_STATE,nein,LOW - toter Wert,KEEP_CURRENT,"Ausdruecklich als Legacy-Enumwert publiziert, aber nicht in ACTIVITY_PRECEDENCE."
activity_state = household,core_state,L2 (Arbiter),-,-,-,-,L4: HOLD_MID [E-043],-,-,L3: household-Look [E-032],-,L1: -> 'none' [E-035],-,-,-,-,-,n/a (Integration nicht installiert),CORE_STATE,nein,MEDIUM,KEEP_CURRENT,
activity_state = free_time,core_state,L2 (Arbiter),-,-,-,-,kein Hold [E-043],-,-,L4: Preset-Gate [E-033]; L4: Gaming-Gate (Legacy) [E-034],L3: Abend-Komfortzuschlag [E-201],L1: -> 'none' [E-035],-,-,-,-,-,n/a (Integration nicht installiert),CORE_STATE,nein,MEDIUM - reiner Legacy-Kompatibilitaetswert bei zwei Consumern,KEEP_CURRENT,Seit der Auffaecherung in gaming/entertainment/music/pc_active deutlich seltener.
activity_state = idle,core_state,L2 (Fallback),-,-,-,-,"sicherer Fallback, kein Hold [E-043]",-,-,L4: Preset-Gate [E-033],-,L1: -> 'none' [E-035],-,-,-,-,L0: readiness OK [E-047],n/a (Integration nicht installiert),CORE_STATE,nein,MEDIUM,KEEP_CURRENT,Deterministischer Fallback; wird nie aus einem degradierten Feed abgeleitet.
activity_state = sleep,core_state,L2 (Arbiter),L2: quiet_mode=True (ZWEITER Schlafkanal) [E-039],-,-,-,"L4: wird von entertainment geschlagen, wenn der TV laeuft [E-046]",-,-,-,-,L1: -> 'none' [E-035],-,-,-,-,-,n/a (Integration nicht installiert),CORE_STATE,JA - Schlaf wird hier ueber activity statt bio transportiert,HIGH,KEEP_CURRENT,"NEW/CONFIRMED: media_state leitet Quiet aus activity_state==sleep ab. Das ist ein zweiter, von bio_state unabhaengiger Schlafkanal und feuert nur, wenn KEIN TV laeuft."
activity_state = waking,core_state,L2 (Arbiter),-,-,-,-,kein Hold [E-043],-,-,-,-,L1: -> 'none' [E-035],-,-,-,-,-,n/a (Integration nicht installiert),CORE_STATE,nein,MEDIUM,KEEP_CURRENT,
day_state = early_night | late_night,core_state,L1,-,L4: NICHT in SUB_ALLOWED_PHASES -> Subwoofer aus [E-055]; L1: Baseline 0.30/0.25 [E-054],-,-,L4: PS-Eintrittsfenster [E-060]; L4: Fenster-Wachsignal gesperrt [E-059],-,-,"L1: Phase; L2: Nacht+awake-Zweig [E-015, E-050]",L3: Nachtabsenkung [E-057]; L6: Flanke early_night [E-058],"L1: NIGHT_STATES; L2: privacy=True [E-051, E-052, E-053]",-,-,-,-,L0: readiness [E-061],n/a (Integration nicht installiert),CORE_STATE,nein (Werte in beiden Enum-Generationen identisch),HIGH,KEEP_CURRENT,"Die einzigen beiden Phasenwerte, die in ALLEN Consumern identisch existieren."
day_state = early_morning | forenoon | afternoon,core_state,L1,-,"L1: Baseline vorhanden [E-054]; L4: forenoon/afternoon Subwoofer erlaubt, early_morning nicht [E-055]",-,-,L4: Fenster-Wachsignal erlaubt [E-059],-,-,L1: Phase [E-050],L3: early_morning = Werktag-Preheat [E-056],"L1: DAYLIGHT_STATES [E-051, E-053]",-,-,-,-,L0: readiness [E-061],n/a (Integration nicht installiert),CORE_STATE,nein,HIGH,KEEP_CURRENT,Diese drei Werte existieren in beiden Enum-Generationen.
day_state = midday | late_afternoon | evening,core_state,L1,-,L1: KEIN Baseline-Eintrag -> stiller flacher Fallback [E-054]; L4: NICHT in SUB_ALLOWED_PHASES -> Subwoofer bleibt aus [E-055],-,-,L4: Fenster-Wachsignal erlaubt [E-059],-,-,L1: Phase (CORE_DAY_PHASES) [E-050],kein Treffer in den Preheat-Fenstern [E-056],"L1: midday/late_afternoon = DAYLIGHT, evening = TRANSITION; evening -> privacy=True [E-052, E-053]",-,-,-,-,L0: readiness [E-061],n/a (Integration nicht installiert),CORE_STATE,JA - drei Werte ohne Gegenstueck im Media-/Klima-Vokabular,CRITICAL,KEEP_CURRENT,NEW_FINDING: In diesen drei Phasen faellt die Media-Volume-Baseline still auf den flachen Wert zurueck und der Subwoofer bleibt gesperrt - obwohl es Tagphasen sind.
day_state = late_evening,core_state,L1,-,L1: Baseline 0.35/0.30 [E-054]; L4: Subwoofer erlaubt [E-055],-,-,-,-,-,L1: Phase [E-050],L3: Bad-Preheat-Fenster [E-056],"L1: TRANSITION; L2: privacy=True [E-052, E-053]",-,-,-,-,L0: readiness [E-061],n/a (Integration nicht installiert),CORE_STATE,nein,HIGH,KEEP_CURRENT,
day_state: LEGACY-Werte late_morning | early_evening,(kein Producer auf main),n/a,-,"L1: Baseline-Eintraege existieren; L4: beide in SUB_ALLOWED_PHASES [E-054, E-055]",-,-,-,-,-,L1: als LEGACY_DAY_PHASES weiterhin akzeptiert [E-050],L3: late_morning = Frei-Tag-Preheat [E-056],L1: NICHT kanonisch -> ValueError -> unusable [E-051],-,-,-,-,-,n/a (Integration nicht installiert),(verwaist),JA,CRITICAL,CORE_STATE (Werte streichen oder Consumer migrieren),"NEW_FINDING: Diese beiden Werte werden von drei Consumern erwartet, von keinem Producer auf main erzeugt und von blind_control aktiv abgelehnt."
presence_personal = zuhause,core_state,L2,L1: away_raw=False -> kein Gate [E-070],-,-,-,L3: presence_away OFF [E-076],-,-,kein hard_off [E-072],L1: Kontext [E-075],-,L4: Blocker personal_present_no_autolock [E-084],L3: is_home_like -> kein Cut [E-073],L3: home-aequivalent [E-074],-,L0: readiness [E-078],n/a (Integration nicht installiert),CORE_STATE,nein,CRITICAL,KEEP_CURRENT,
presence_personal = bei_eltern,core_state,L2,L1: away_raw=False -> home-aequivalent [E-070],-,-,-,L3: presence_away OFF [E-076],-,-,L3: gilt als ABWESEND -> hard_off / presence_sim [E-072],L1: Kontext [E-075],-,"L4: home-aequivalent -> kein Auto-Lock; ABER kein 'zuhause' fuer Auto-Unlock [E-081, E-084]",L3: is_home_like -> KEIN Cut [E-073],L3: home-aequivalent [E-074],-,L0: readiness [E-078],n/a (Integration nicht installiert),CORE_STATE,"JA - Licht sagt weg, Media/Tuer/Steckdose/Router sagen zuhause",HIGH,KEEP_CURRENT,"NEW_FINDING: Beide Lesarten sind fachlich begruendbar (Licht simuliert Anwesenheit, Media soll nicht stoppen), aber es gibt keine gemeinsame Entscheidung dazu."
presence_personal = abwesend,core_state,L2,"L1: away_raw=True -> L4 nach 25 s Debounce: alles idle [E-070, E-071]",L4: via media_state presence_state -> harter Block [E-165],L4: via media_state -> harter Block [E-167],-,L3: presence_away ON (falls kein Hold) [E-076]; L4: erzwingt bio awake [E-077],-,-,L3: hard_off / presence_sim [E-072],L1: Kontext [E-075],L1: via media_state away_gate-Attribut [E-168],"L3: Auto-Lock-Bedingung [E-080, E-084]",L3: is_truly_away -> Away-Cut [E-073],L3: kein lokaler Kanal [E-074],-,L0: readiness [E-078],n/a (Integration nicht installiert),CORE_STATE (deklariert) / faktisch geteilt mit MEDIA_STATE,JA - zwei parallele Away-Ketten (core presence_away vs. media away_gate),CRITICAL,CORE_STATE,NEW_FINDING: core_states kanonischer Away-Gate hat keinen Consumer; alle Away-Consumer haengen direkt oder ueber media_state am Roh-Enum.
presence_effective = home | arriving,core_state,L2+L4,-,-,-,-,-,-,-,-,-,-,L3: Auto-Unlock (mit confidence-Gate) [E-081]; L4: present_no_autolock [E-083],-,-,-,L0: readiness [E-085],n/a (Integration nicht installiert),CORE_STATE,nein,HIGH,KEEP_CURRENT,Einziger echter Consumer ist door_policy.
presence_effective = away | leaving,core_state,L2+L4,-,-,-,-,-,-,-,-,-,-,L3: Auto-Lock [E-080],-,-,-,L0: readiness [E-085],n/a (Integration nicht installiert),CORE_STATE,nein,HIGH,KEEP_CURRENT,
presence_effective = uncertain | stale,core_state,L2+L4,-,-,-,-,-,-,-,-,-,-,"L4: expliziter Blocker, keine Aktion [E-082]",-,-,-,L0: readiness akzeptiert die Werte als gueltig [E-085],n/a (Integration nicht installiert),CORE_STATE,nein,MEDIUM,KEEP_CURRENT,Vorbildliche Erhaltung von Unsicherheit als sichtbarer Ausgang.
presence_away (binary) = on,core_state,L3,IGNORIERT - media_state berechnet Away selbst aus presence_personal [E-070],IGNORIERT (nutzt media_state) [E-165],IGNORIERT (nutzt media_state) [E-167],-,eigener Output [E-076],-,-,-,-,"UNCLEAR: Auto-Suggestion bevorzugt das away_gate-Attribut, das nur media_state hat [E-168]",-,-,-,-,-,n/a (Integration nicht installiert),CORE_STATE (deklariert),JA - deklarierter Kanon ohne Consumer,LOW (heute) / CRITICAL (sobald Consumer migrieren),CORE_STATE,NEW_FINDING: Entweder die Consumer auf diesen Gate ziehen oder den Kanonik-Anspruch im Code-Kommentar zuruecknehmen.
presence_household = leer | nicht_leer,core_state,L2,L0: Echo [E-093],-,-,-,-,-,-,L1: Kontext [E-090],L1: Kontext (Legacy-ID) [E-091],-,-,-,-,-,L2: boolescher Summand im Plug-Readiness-Gate [E-092],n/a (Integration nicht installiert),CORE_STATE,nein,MEDIUM - YAML interpretiert das deutsche Enum boolesch,KEEP_CURRENT,
presence_band = preheat,core_state,L1,-,-,-,-,L4: Teil des Soft-Hold-Bruchs bei far [E-097],-,-,-,L4: home/near-Gate fuer die Nachtumstellung [E-095],-,-,-,-,-,L2: Zweitberechnung von preheat_active [E-096],n/a (Integration nicht installiert),CORE_STATE,nein,MEDIUM,KEEP_CURRENT,core_state publiziert presence_preheat_active bereits selbst - die YAML-Variante ist eine Doppelberechnung.
presence_transition = coming_home,core_state,L2,L0: Echo [E-101],-,-,-,-,-,-,L4: beendet die Anwesenheitssimulation sofort [E-100],L1: Kontext [E-102],-,-,-,-,-,L0: readiness,n/a (Integration nicht installiert),CORE_STATE,nein,MEDIUM,KEEP_CURRENT,
media_context = private_time,media_state,L2,eigener Output,L3: audio_owner=private_stack [E-120],L2: private_active via audio_owner [E-176],L0: Anzeige,L0: Debug-Attribut [E-127],-,-,kein Cinema [E-125],-,L1: als Kontext-Evidenz gelesen [E-128],-,want_on=False -> Bias Light aus [E-126],-,-,-,n/a (Integration nicht installiert),MEDIA_STATE,nein,HIGH - derselbe String existiert auch als core activity_state und als activity_context,MEDIA_STATE,
media_context = tv | streaming,media_state,L2,eigener Output,L3: audio_owner=tv_denon [E-122],L4: Denon-Konsument (ueber media_device) [E-135],L0: Anzeige,L0: Debug-Attribut [E-127],-,-,L3: Cinema-Look [E-125],-,L1: tv_contexts -> glare_tv [E-128],-,L3: Bias Light AN [E-126],-,-,L0: Shadow-Quelle [E-130],n/a (Integration nicht installiert),MEDIA_STATE,nein,HIGH,MEDIA_STATE,
media_context = gaming,media_state,L2,eigener Output,"L3: audio_owner=gaming_stack [E-121]; L2: is_grind/is_pc_gaming [E-123, E-124]",L4: Denon-Konsument [E-135],L0: Anzeige,L0: Debug-Attribut [E-127],-,-,L4: Gaming-Look nur mit passendem media_device [E-139],-,L1: Kontext-Evidenz [E-128],-,L3: Bias Light nur bei gaming_source==tv [E-126],-,-,-,n/a (Integration nicht installiert),MEDIA_STATE,nein,HIGH,MEDIA_STATE,
media_context = idle (inkl. audio_only_idle),media_state,L2,eigener Output; Audio bleibt bewusst idle,L3: owner=none -> Musik-Baseline [E-120..E-122],-,L0: Anzeige,L0: Debug-Attribut [E-127],-,-,kein Cinema (Lichtschutz) [E-125],-,-,-,Bias Light aus [E-126],-,-,-,n/a (Integration nicht installiert),MEDIA_STATE,nein,MEDIUM,MEDIA_STATE,Die bewusste Asymmetrie zu activity_context=music ist der einzige inhaltliche Unterschied der beiden Media-Outputs.
media_context: tote Werte movie | video,(kein Producer),n/a,-,-,-,-,-,-,-,-,-,-,-,L3: in der Bias-Light-Bedingung enthalten [E-126],-,-,-,n/a (Integration nicht installiert),(verwaist),nein (nur tote Zweige),LOW,MEDIA_STATE,COMPATIBILITY_ALIAS aus der Toolbox-Zeit.
media_device = tv,media_state,L2,eigener Output,L1: audio_scenario_detail [E-138],"L4: Denon-Konsument + Power-Gegenprobe [E-135, E-137]; L5: TV-WoL [E-136]",L0: Anzeige,L0: Debug-Attribut [E-141],-,-,"L3/L4: Cinema + Gaming-Quelle [E-125, E-139]",-,L1: explizite Screen-Klasse 'tv' [E-140],-,-,-,-,-,n/a (Integration nicht installiert),MEDIA_STATE,JA - Identitaet (Licht) vs. Audio-Routing (Apply) vs. Screen-Intent (WoL),CRITICAL,UNCLEAR,Der Wert traegt drei unterschiedliche fachliche Bedeutungen gleichzeitig.
media_device = pc,media_state,L2,eigener Output,L2: is_pc_gaming -> HomePods spielen weiter [E-124],"L4: Denon-Konsument + Power-Gegenprobe [E-135, E-137]",L0: Anzeige,L0: Debug-Attribut [E-141],-,-,L4: Gaming-Quelle [E-139],-,L1: explizite Screen-Klasse 'pc' -> glare_pc [E-140],-,-,-,-,-,n/a (Integration nicht installiert),MEDIA_STATE,JA (siehe tv),CRITICAL,UNCLEAR,
media_device = appletv,media_state,L2,eigener Output,-,"L4: Denon-Konsument OHNE Power-Gegenprobe [E-135, E-137]; L5: TV-WoL [E-136]",L0: Anzeige,L0: Debug-Attribut [E-141],-,-,-,-,KEINE explizite Screen-Klasse (appletv fehlt in tv_platforms) [E-140],-,-,-,-,-,n/a (Integration nicht installiert),MEDIA_STATE,"nein, aber Luecke bei blind_control",HIGH,UNCLEAR,"NEW_FINDING: appletv ist SCREEN_DEVICE fuer Apply, aber keine tv-Plattform fuer blind_control - ein Apple-TV-Abend liefert damit keine explizite Blend-Klasse."
media_device = ps5 | switch,media_state,L2,eigener Output,-,"L4: Denon-Konsument OHNE Power-Gegenprobe [E-135, E-137]",L0: Anzeige,L0: Debug-Attribut [E-141],-,-,L4: Gaming-Quelle [E-139],-,"L1: switch in tv_platforms, ps5 ebenfalls [E-140]",-,-,-,-,-,n/a (Integration nicht installiert),MEDIA_STATE,nein,HIGH,UNCLEAR,
media_device = denon | homepods | none,media_state,L2,eigener Output,-,L4: ausdruecklich KEIN Denon-Konsument [E-135],L0: Anzeige,L0: Debug-Attribut [E-141],-,-,-,-,-,-,-,-,-,-,n/a (Integration nicht installiert),MEDIA_STATE,nein,MEDIUM,UNCLEAR,"FLEET-80: 'denon' als eigener Konsument waere zirkulaer, daher bewusst ausgeschlossen."
activity_context = private_time | gaming,media_state,L2 (Feed),eigener Output (hold_strength=hard),-,-,L0: Anzeige,L2: Kandidat im Arbiter [E-145]; L0: Attribut-Echo [E-147],-,"geplant als media.activity.v1 (nur Doku, nicht implementiert)",-,-,L1: ueber das Core-Attribut [E-148],-,-,-,-,-,n/a (Integration nicht installiert),MEDIA_STATE,nein,CRITICAL - die einzige Producer-zu-Producer-Kante,MEDIA_STATE,Klarster Contract-Kandidat; es fehlen nur Quality und Freshness am Producer.
activity_context = entertainment,media_state,L2 (Feed),eigener Output (hold_strength=soft),-,-,L0: Anzeige,L2: Kandidat [E-145]; L4: autorisiert den PS-Eintritt [E-045]; L4: schlaegt sleep [E-046],-,geplant,-,-,L1: tv-Evidenz [E-148],-,-,-,-,-,n/a (Integration nicht installiert),MEDIA_STATE,nein,CRITICAL,MEDIA_STATE,Ueber diesen Wert steuert der Media-Stack faktisch den Schlaf-Lifecycle von Core State mit.
activity_context = music,media_state,L2 (Feed),eigener Output (hold_strength=soft); bewusst abweichend von media_context=idle,-,-,L0: Anzeige,"L2: Kandidat -> activity=music -> HOLD_HIGH/SOFT [E-145, E-043, E-044]",-,geplant,-,-,L1: -> 'none' [E-148],-,-,-,-,-,n/a (Integration nicht installiert),MEDIA_STATE,nein,HIGH,MEDIA_STATE,"Der einzige Wert, in dem sich activity_context und media_context bewusst unterscheiden."
activity_context = idle,media_state,L2 (Feed),eigener Output (hold_strength=none); auch bei aktivem away_gate,-,-,L0: Anzeige,L2: KEIN Kandidat -> Core faellt auf idle [E-145],-,geplant,-,-,-,-,-,-,-,-,n/a (Integration nicht installiert),MEDIA_STATE,nein,HIGH,MEDIA_STATE,
activity_context: Qualitaet/Freshness,media_state,FEHLT,publiziert KEIN quality/freshness-Feld,-,-,-,L4: consumer-seitiges Alters-Gate 1800 s ueber last_updated [E-146],-,Contract wuerde Quality/Freshness/Lineage mitbringen,-,-,-,-,-,-,-,-,n/a (Integration nicht installiert),MEDIA_STATE,"nein, aber Luecke",HIGH,MEDIA_STATE,NEW_FINDING: Ein eingefrorener Feed-Wert gilt bis zu 30 Minuten als frisch. Genau das wuerde ein Core Contract loesen.
away_gate (media_state) = on,media_state,L4,eigener Output (25 s ON-Debounce),L4: harter Media-Block [E-165],L4: harter Block [E-167],L0: Anzeige,-,-,-,-,-,L1: bevorzugte Away-Quelle ueber das Attribut [E-168],-,-,-,-,-,n/a (Integration nicht installiert),MEDIA_STATE (faktisch),JA - fachlich gehoert Away zu core_state,CRITICAL,CORE_STATE,Der aussichtsreichste Owner-Verschiebungskandidat: Away ist keine Medienwahrheit.
presence_state (media_state) = unknown,media_state,L1,eigener Output,"L4: haelt Auto-Start zurueck, pausiert NICHT [E-166]",L4: presence_unknown-Hold [E-167],L0: Anzeige,-,-,-,-,-,L1: ValueError -> Observation unusable [E-168],-,-,-,-,-,n/a (Integration nicht installiert),MEDIA_STATE (faktisch),nein,HIGH,CORE_STATE,"Media und Rollladen behandeln unknown unterschiedlich: Media haelt zurueck, Rollladen verwirft die Beobachtung ganz. Beides ist konservativ."
quiet_mode = on,media_state,L2,"eigener Output (Gruende: Tuer, Anruf, Musik-Enum, activity==sleep)",L4: Ducking + Baseline-Block [E-170],L4: Sofort-Ausfuehrung + Repair-Block [E-171],L0: Badge [E-173],-,-,-,-,-,-,-,-,L4: Media-Route verworfen [E-172],-,-,n/a (Integration nicht installiert),MEDIA_STATE,teilweise - der activity==sleep-Zweig ist ein zweiter Schlafkanal,HIGH,MEDIA_STATE,"Quiet selbst ist sauber getrennt (Overlay, kein Szenario); nur seine Schlaf-Quelle ist fragwuerdig."
entertainment_active = on,media_state,L1,eigener Output (Projektion von media_context),L4: Subwoofer-Vorbedingung [E-157],-,-,L0: Debug-Attribut [E-158],-,-,L3: Cinema-Vorbedingung [E-155],-,L1: tv_active-Evidenz [E-159],-,"L0: nur Diagnose, bewusst NICHT fuer Bias Light [E-156]",-,-,L2: eigene Combined-Variante fuer Bias Light [E-160],n/a (Integration nicht installiert),MEDIA_STATE,teilweise (zwei Bias-Light-Wahrheiten),HIGH,MEDIA_STATE,
apply_ready = off (Startup),core_state,L6,-,-,-,-,eigener Output,-,-,L4: Apply blockiert [E-110],-,-,-,-,-,-,L4: TV-WoL-Automation + Radio-Template [E-111],n/a (Integration nicht installiert),CORE_STATE,nein,HIGH,KEEP_CURRENT,Der einzige prozessweite Lifecycle-Contract mit expliziter Version (1.0.0).
wake_needed = on,ha_wake_planner,L4,-,L6: manual_stop-Reset (nur 1 Tick) [E-116],-,-,L0: Legacy-Fallback-Eingang fuer bio [E-115],-,-,-,-,-,-,-,-,eigener Output,-,n/a (Integration nicht installiert),"UNCLEAR (Cutover zu core_state geplant, nicht vollzogen)",JA - zwei Planner publizieren dieselbe Entscheidung,HIGH,CORE_STATE,mapping.py fuehrt den Ziel-Owner bereits als core_state (STATUS_PLANNED).
wake_state / next_wake / holiday_active,ha_wake_planner + core_state (Shadow),L2,-,-,-,-,L0: Shadow-Vergleich [E-117],-,-,-,-,-,-,-,-,eigener Output,-,n/a (Integration nicht installiert),UNCLEAR,JA (Doppel-Publikation),MEDIUM,CORE_STATE,Core State publiziert bereits eigene Werte unter sensor.*_core_state_wake_state.
sleep_tv_evidence = off_confirmed,media_apply,L6,-,-,eigener Output,L0: Anzeige,L6: autorisiert provisional_sleep -> sleep [E-026],-,-,-,-,-,-,-,-,-,-,n/a (Integration nicht installiert),APPLY,nein,CRITICAL,APPLY,Die einzige Execution-zu-State-Rueckkopplung; ueber sleep_reference_start sauber korreliert.
