state_name,producer,current_owner,semantic_scope,decision_level_producer,transport,current_values,meaning,stateful,persisted,quality_available,freshness_available,known_consumers_count,cross_domain,duplicate_truth,candidate_contract,candidate_future_owner,notes
bio_state,benni-core-state (v0.11.8),CORE_STATE,Person / Schlaf-Lifecycle,L2 CLASSIFY,entity_state + reiche entity_attributes,sleep|provisional_sleep|waking|awake,"Schlaf-Lifecycle: awake -> provisional_sleep (Schutzkorridor, kein bestaetigter Schlaf) -> sleep -> waking -> awake",ja,"ja (PersistentState, restart-fest inkl. sleep_reference_start)","teilweise (attrs sleep_source, sleep_confirmed, reason, wake_interaction)",nein (kein Freshness-Feld; attrs tragen Startzeitpunkte),27,"ja (Media, Licht, Rollladen, Benachrichtigung, Steckdose, Klima, YAML)",SEMANTIC_CONFLICT (fuenf verschiedene Sleep-Definitionen bei den Consumern),CONTRACT_AFTER_SEMANTIC_DECISION,KEEP_CURRENT,"Der meistkonsumierte State im Stack. Contract erst sinnvoll, nachdem entschieden ist, was provisional_sleep fuer jeden Consumer bedeutet."
activity_state,benni-core-state (v0.11.8),CORE_STATE,Person / Gesamt-Aktivitaet,L2 CLASSIFY (Arbiter),entity_state + attribut activity_decision (vollstaendiger Entscheidungs-Contract),"sleep|waking|private_time|gaming|entertainment|music|work_home|household|pc_active|free_time|idle|work_away(publiziert, nie erzeugt)","Arbitrierter Gesamtzustand: Core entscheidet aus Bio, Presence, Day Context, Homeoffice, Haushalt, PC und dem media_state-Feed","nein (pro Tick neu, aber Eingaenge sind stateful)",nein,"ja (activity_decision.quality_status, degraded_reason, fallback_reason, freshness je Quelle)",ja (activity_decision.freshness mit age_seconds/max_age_seconds je Quelle),20,"ja (Licht, Rollladen, Media, Benachrichtigung, Steckdose)",DERIVED_DIFFERENT_SCOPE (Media-Haelfte kommt aus media_state) + DUPLICATE_CALCULATION (media_state liest activity==sleep als Quiet zurueck),CONTRACT_READY,KEEP_CURRENT,Bester Quality/Freshness-Contract im gesamten Stack; als Vorbild fuer alle uebrigen States geeignet.
day_state,benni-core-state (v0.11.8),CORE_STATE,Zeit / Tagesphase,L1 NORMALIZE (Kalendermodell),entity_state + attribut phase_starts,early_night|late_night|early_morning|forenoon|midday|afternoon|late_afternoon|evening|late_evening,"Neun kalendarisch-saisonale Tagesphasen (seasonal-accordion-v2), keine astronomische Quelle",nein (rein aus lokaler Zeit berechnet),nein,nein,nein (jederzeit neu berechenbar),14,"ja (Licht, Rollladen, Klima, Media)",SEMANTIC_CONFLICT (8-Phasen-Generation lebt in media_policy und climate_policy weiter),CONTRACT_READY,KEEP_CURRENT,"Groesste offene Enum-Divergenz im Stack: drei Consumer erwarten late_morning/early_evening, die core_state nie emittiert."
day_context,benni-core-state (v0.11.8),CORE_STATE,Zeit / Kalendertyp,L1 NORMALIZE,entity_state + attribut holiday,werktag|wochenende|frei,Werktag / Wochenende / frei (Feiertag oder Urlaub),nein,nein,nein,nein,3,"ja (Licht, Rollladen, Klima)",COMPATIBILITY_ALIAS (blind_control uebersetzt DE->EN),CONTRACT_READY,KEEP_CURRENT,Unkritisch; nur climate_policy bindet noch die Legacy-Combined-ID.
presence_personal,benni-core-state (v0.11.8),CORE_STATE,Person / beobachtete Anwesenheit,L2 CLASSIFY,"entity_state + attrs (ssid, gps, freshness_s, ssid_is_home/-parents)",zuhause|bei_eltern|abwesend,"Beobachtete persoenliche Anwesenheit aus SSID, GPS und Proximity; bewusst OHNE Activity-Hold",ja (last_presence_personal restart-retained),ja,teilweise (freshness_s als Parameter),"teilweise (tracker_freshness-Parameter, kein Ausgabefeld)",8,"ja (Media, Licht, Benachrichtigung, Steckdose, Klima, YAML)","SEMANTIC_CONFLICT (bei_eltern = weg im Licht, = zuhause in Media/Tuer/Steckdose/Router)",CONTRACT_AFTER_SEMANTIC_DECISION,KEEP_CURRENT,"Die bei_eltern-Semantik ist der eigentliche offene Punkt, nicht die Entity."
presence_effective,benni-core-state (v0.11.8),CORE_STATE,Person / stabilisierte Anwesenheit,L2 CLASSIFY + L4 Hold,"entity_state + attrs (raw_presence, confidence, effective_reason, assumed, hold_strength, source_activity, stale_inputs, block_reason)",home|away|arriving|leaving|uncertain|stale,Stabilisierte Presence fuer Policy-Consumer inkl. Activity-Hold; traegt die Roh-Presence als Attribut mit,"ja (effective_candidate, last_effective_home_at/-away_at)",ja,"ja (confidence, stale_inputs, block_reason, assumed)",ja (stale als eigener Wert + last_*_at),6,"ja (Tuer, YAML)",SAME_TRUTH_PROJECTION (raw_presence als Attribut derselben Entity),CONTRACT_READY,KEEP_CURRENT,Das sauberste Beispiel fuer 'Beobachtung + Stabilisierung in einer Entity'. Zwei Consumer binden allerdings zwei verschiedene Entity-IDs (clean vs. system_).
presence_effective_transition,benni-core-state (v0.11.8),CORE_STATE,Person / Uebergang der stabilisierten Presence,L2 CLASSIFY,entity_state,home|away|arriving|leaving|uncertain|stale,Projektion des Hold-Uebergangs; kein eigener Legacy-Consumer-Contract,ja,ja,teilweise,teilweise,0,nein,SAME_TRUTH_PROJECTION,INTERNAL_STATE,KEEP_CURRENT,Auf origin/main kein Produktiv-Consumer gefunden.
presence_away,benni-core-state (v0.11.8),CORE_STATE,Person / Away als Execution-Gate,L3 POLICY,"entity_state (binary) + attrs raw_presence, activity_hold_active, effective_reason",on|off,Kanonisches Away-Gate der Flotte: abwesend UND kein Activity-Hold,nein (abgeleitet),nein (Eingaenge persistiert),"ja (activity_hold_active, effective_reason)",nein,1 (nur der eigene Producer; kein externer Produktiv-Consumer gefunden),"sollte cross-domain sein, ist es faktisch nicht","SEMANTIC_CONFLICT (media_state berechnet Away unabhaengig neu, ohne Activity-Hold)",CONTRACT_READY,KEEP_CURRENT,"NEW_FINDING: als kanonisch deklariert, auf main aber ohne Consumer. Entweder Consumer nachziehen oder den Anspruch zuruecknehmen."
presence_household,benni-core-state (v0.11.8),CORE_STATE,Haushalt / Belegung,L2 CLASSIFY,entity_state + attribut presence_personal,leer|nicht_leer,Aggregierte Haushaltsanwesenheit (seit v0.11.x inkl. Eltern-Haushalt),nein,nein,nein,nein,4,"ja (Licht, Klima, YAML)",LEGACY_SECOND_TRUTH (climate bindet die Combined-ID),CONTRACT_READY,KEEP_CURRENT,
presence_band,benni-core-state (v0.11.8),CORE_STATE,Person / Entfernungsband,L1 NORMALIZE,"entity_state + attrs (distance_m, Radien)",home|preheat|near|far,Entfernungsband aus Proximity mit Hysterese,ja (last_proximity_distance),ja,nein,teilweise (last_proximity_distance_at),4,"ja (Klima, YAML, core-intern)","DUPLICATE_CALCULATION (import.yaml leitet preheat erneut aus dem Band ab, obwohl core_state es publiziert)",INTERNAL_STATE,KEEP_CURRENT,Eher Roh-/Zwischenschicht als fachlicher Contract.
presence_transition,benni-core-state (v0.11.8),CORE_STATE,Person / Bewegungsrichtung,L2 CLASSIFY,"entity_state + attrs (started, direction)",none|coming_home|leaving_home|passing_through,Richtungs-/Uebergangsklassifikation aus Band und Proximity-Trend,ja (transition_started),ja,nein,teilweise (started),4,"ja (Licht, Klima, Media-Echo)",-,CONTRACT_READY,KEEP_CURRENT,
presence_preheat_active,benni-core-state (v0.11.8),CORE_STATE,Person / Preheat-Fenster,L3 POLICY,"entity_state (binary) + attrs (source, started, max_duration_s)",on|off,Zeitlich begrenztes Vorwaerm-Fenster bei Annaeherung,"ja (preheat_started, preheat_source)",ja,teilweise,teilweise (started + max_duration_s),0 (auf main kein direkter Consumer; import.yaml berechnet stattdessen neu),nein,DUPLICATE_CALCULATION (siehe E-096),INTERNAL_STATE,KEEP_CURRENT,
master_context,benni-core-state (v0.11.8),CORE_STATE,Anzeige / Kontext-Verkettung,L0 FACT,entity_state (String) + attrs,'<presence>.<bio>.<day_state>.<day_context>.<activity>',"Lesbare Verkettung der fuenf Kernwerte, keine eigene Wahrheit",nein,nein,nein,nein,1,nein,SAME_TRUTH_PROJECTION,NOT_SUITABLE,KEEP_CURRENT,Jeder Enum-Rename aendert diesen String implizit mit - der einzige Consumer prueft aber nur auf Existenz.
live_status,benni-core-state (v0.11.8),CORE_STATE,Anzeige / Klartext,L0 FACT,"entity_state (Freitext) + attrs mapping_contract_version, mapping_diagnostics",freier deutscher Text (max. 250 Zeichen),"Cockpit-Text, ausdruecklich keine Policy",nein,nein,nein,nein,0,nein,SAME_TRUTH_PROJECTION,NOT_SUITABLE,KEEP_CURRENT,Anzeige-only.
wake_state,benni-core-state (v0.11.8) (Shadow) / ha_wake_planner (v1.1.3) (Legacy-Quelle),UNCLEAR (Uebergang laeuft),Zeit / Weckplan-Entscheidung,L2 CLASSIFY,"entity_state + reiche attrs (wake_time, decided_by, reason, matched_rule_id, comparison_status)",scheduled|skipped|overridden|holiday|inactive,Ergebnis der Weckplanung; core_state publiziert eigene Werte und vergleicht sie mit dem alten Planner,ja,ja (eigener wake_config-Storage),"ja (comparison_status, decided_by, reason)",teilweise,1 (core_state-intern als Shadow) + 0 externe,nein,LEGACY_SECOND_TRUTH (zwei Planner publizieren dieselbe Entscheidung),CONTRACT_AFTER_SEMANTIC_DECISION,CORE_STATE,mapping.py fuehrt wake_state/next_wake/wake_needed/holiday_active bereits als STATUS_PLANNED mit Ziel core_state; der Cutover ist nicht vollzogen.
next_wake,benni-core-state (v0.11.8) (Shadow) / ha_wake_planner (v1.1.3),UNCLEAR (Uebergang laeuft),Zeit / naechster Weckzeitpunkt,L2 CLASSIFY,entity_state (timestamp),ISO-Zeitstempel oder None,Naechster geplanter Weckzeitpunkt,ja,ja,teilweise,teilweise,1,nein,LEGACY_SECOND_TRUTH,CONTRACT_AFTER_SEMANTIC_DECISION,CORE_STATE,
wake_needed,benni-core-state (v0.11.8) (Shadow) / ha_wake_planner (v1.1.3),UNCLEAR (Uebergang laeuft),Zeit / Weckfenster aktiv,L4 ARBITRATE,entity_state (binary),on|off,Weckfenster ist offen; treibt bio_state sleep -> waking und den manual_stop-Reset in media_policy,ja,ja,nein,nein,"2 (core_state als Fallback-Eingang, media_policy als Flanken-Consumer)",ja (Media),LEGACY_SECOND_TRUTH,CONTRACT_AFTER_SEMANTIC_DECISION,CORE_STATE,"Einziger Fremd-Producer, der in core_states Kern-Lifecycle hineinreicht."
holiday_active,benni-core-state (v0.11.8) (Shadow) / ha_wake_planner (v1.1.3),UNCLEAR (Uebergang laeuft),Zeit / Feiertag,L1 NORMALIZE,entity_state (binary),on|off,Feiertag oder Urlaubstag aktiv,nein,nein,nein,nein,1,nein,LEGACY_SECOND_TRUTH,CONTRACT_AFTER_SEMANTIC_DECISION,CORE_STATE,
apply_ready,benni-core-state (v0.11.8),CORE_STATE,Prozess / Startup-Lifecycle,L6 LIFECYCLE,entity_state (binary) + attribut reason,on|off,Prozessweiter Startup-/Apply-Readiness-Contract (STARTUP_READINESS_CONTRACT_VERSION 1.0.0),ja (Prozess-Runtime),nein (bewusst pro Prozessstart neu),ja (reason),ja (Verzoegerung 90 s + EVENT_HOMEASSISTANT_STARTED),"2 (light_policy, einhornzentrale-YAML)",ja,-,CONTRACT_READY,KEEP_CURRENT,Einziger echt prozessweiter Lifecycle-Contract; einzige core_state-Ausgabe mit explizitem Versions-Contract.
media_context,benni_media_state (v0.14.5),MEDIA_STATE,Medien / Bildschirm-Szenario,L2 CLASSIFY,"entity_state + reiche attrs (CONTEXT_ATTRS: source_arbitration, device, gaming_*, quiet_*, presence_*, private_*)",idle|tv|streaming|gaming|private_time,"Aktives Medien-Szenario; reines Audio bleibt bewusst idle (audio_only_idle), damit der Lichtkontext nicht kippt","ja (sticky gaming subcontext, pre_atv, PS5-Dropout-Hold, TV-Stabilisierung)",teilweise (Store fuer private_manual),"teilweise (attr source_arbitration, active_reasons)",nein (kein Freshness-Feld),8,"ja (Licht, Steckdose, Benachrichtigung, Core-Echo, Rollladen indirekt)",COMPATIBILITY_ALIAS (plug_policy kennt tote Werte movie/video),CONTRACT_READY,KEEP_CURRENT,Der Screen-/Szenario-Contract ist stabil und deckt sich mit dem Lastenheft.
media_subcontext,benni_media_state (v0.14.5),MEDIA_STATE,Medien / Szenario-Detail,L2 CLASSIFY,entity_state,none|tv_*|streaming_*|gaming_default|gaming_grind|gaming_headset,"Feingliederung des Szenarios (Sender, App, Sound-Modus)",ja (sticky),nein,nein,nein,1 (media_policy is_grind),nein,-,INTERNAL_STATE,KEEP_CURRENT,Der Title-Classifier kennt seit v2.11.0 Enum 3 (grind_preemptible); ein passender Subcontext-Wert fehlt.
media_device,benni_media_state (v0.14.5),MEDIA_STATE,Medien / primaeres Geraet,L2 CLASSIFY,entity_state,none|tv|appletv|ps5|switch|pc|homepods|denon,Primaeres Ausgabegeraet des aktuellen Szenarios,ja (ueber die Szenario-Stickiness),nein,nein,nein,6,"ja (Licht, Rollladen, Apply)","SEMANTIC_CONFLICT (derselbe Wert traegt Identitaet, Audio-Routing und Screen-Intent)",CONTRACT_AFTER_SEMANTIC_DECISION,UNCLEAR,Zweitgroesste Semantik-Frage nach provisional_sleep: drei Bedeutungen in einem Enum.
gaming_source,benni_media_state (v0.14.5),MEDIA_STATE,Medien / Audio-Quelle des Spiels,L2 CLASSIFY,entity_state,none|tv|pc,Woher das Spielaudio kommt,ja,nein,nein,nein,1,ja (Steckdose),-,INTERNAL_STATE,KEEP_CURRENT,
gaming_platform,benni_media_state (v0.14.5),MEDIA_STATE,Medien / Spielplattform,L2 CLASSIFY,entity_state (+ als Attribut im Core-Echo),none|ps5|switch|pc,Welche Konsole bzw. der PC spielt,ja,nein,nein,nein,"2 (Core-Echo, blind_control ueber das Attribut)",ja (Rollladen),-,INTERNAL_STATE,KEEP_CURRENT,
activity_context,benni_media_state (v0.14.5),MEDIA_STATE,Medien / Aktivitaets-Feed fuer Core State,L2 CLASSIFY (Feed),entity_state (Feed) + Attribut-Buendel activity_attrs,private_time|gaming|entertainment|music|idle,Media-Haelfte des Activity-States; einziger inhaltlicher Unterschied zu media_context: reines Audio wird hier als music sichtbar,nein (rein abgeleitet),nein,"teilweise (attrs reason, hold_strength) - aber KEIN quality/freshness-Feld",nein - der Consumer muss ueber last_updated schaetzen,"3 (core_state als Entscheidungs-Input, core_state als Attribut-Echo, blind_control ueber das Echo)","ja (Core, Rollladen)",DERIVED_DIFFERENT_SCOPE,CONTRACT_READY,MEDIA_STATE,Der klarste Contract-Kandidat des Stacks (core-contracts dokumentiert ihn bereits als Beispiel media.activity.v1) - es fehlen nur Quality und Freshness.
entertainment_active,benni_media_state (v0.14.5),MEDIA_STATE,Medien / Bildschirm aktiv,L1 NORMALIZE,entity_state (binary),on|off,"context in (tv, streaming, gaming) - reine Projektion von media_context",nein,nein,nein,nein,5,"ja (Licht, Steckdose, Core-Echo, Rollladen, Media-Policy)",SAME_TRUTH_PROJECTION + DUPLICATE_CALCULATION (import.yaml hat eine eigene Combined-Variante),CONTRACT_READY,MEDIA_STATE,
headset_active,benni_media_state (v0.14.5),MEDIA_STATE,Medien / Headset in Benutzung,L1 NORMALIZE,entity_state (binary),on|off,Gaming-Subcontext headset bzw. Enum 2,nein,nein,nein,nein,1,nein,-,INTERNAL_STATE,KEEP_CURRENT,
quiet_mode,benni_media_state (v0.14.5),MEDIA_STATE,Medien / Leise-Overlay,L2 CLASSIFY,entity_state (binary) + sensor quiet_mode_reason,on|off,"Leise-Anforderung aus Tuer, Anruf, Musik-Enum ODER activity_state==sleep; ausdruecklich KEIN Szenario",nein,nein,ja (quiet_mode_reason als eigener Sensor),nein,4,"ja (Media-Policy, Media-Apply, Benachrichtigung, Umbrella)",DUPLICATE_CALCULATION (der activity==sleep-Zweig ist ein zweiter Schlafkanal neben bio_state),CONTRACT_AFTER_SEMANTIC_DECISION,MEDIA_STATE,"Der Schlaf-Zweig in evaluate_quiet gehoert fachlich zu bio_state, nicht zu activity_state."
presence_state,benni_media_state (v0.14.5),UNCLEAR,Medien / Presence-Projektion,L1 NORMALIZE,"entity_state + attrs (presence_source, away_gate)",zuhause|abwesend|unknown,"Normalisierte Presence-Anzeige des Media-Stacks, abgeleitet aus core_states presence_personal",ja (away_since-Debounce),nein,teilweise (presence_source),nein,"4 (media_policy, media_apply, blind_control, Umbrella)",ja (Rollladen konsumiert sie ueber das Attribut away_gate),"SEMANTIC_CONFLICT (zweite Away-Wahrheit neben core_states presence_away, ohne Activity-Hold)",CONTRACT_AFTER_SEMANTIC_DECISION,CORE_STATE,NEW_FINDING: der wahrscheinlichste Owner-Verschiebungskandidat des gesamten Audits.
away_gate,benni_media_state (v0.14.5),UNCLEAR,Medien / Away als Execution-Gate,L4 ARBITRATE,entity_state (binary),on|off,"Debouncetes (25 s ON) Away-Gate, das die gesamte Medienlogik deaktiviert",ja (away_since),nein,nein,nein,4,ja (Rollladen),SEMANTIC_CONFLICT (siehe presence_state),CONTRACT_AFTER_SEMANTIC_DECISION,CORE_STATE,"Der 25-s-Debounce ist die Media-spezifische Zutat; er koennte als Consumer-Parameter erhalten bleiben, wenn der Owner wechselt."
private_time_manual,benni_media_state (v0.14.5),MEDIA_STATE,Medien / manueller Privat-Schalter,L0 FACT (Bedienelement),entity_state (switch),on|off,Nativer Schalter der Integration (ersetzt den frueheren input_boolean); mit 4-h-Timeout und Clear beim Einschlafen und bei PC-Aus,ja,ja (Storage),nein,teilweise (Timeout),1 (media_state intern),nein,-,NOT_SUITABLE,KEEP_CURRENT,"Eingabe, kein beobachteter Zustand."
audio_owner,benni_media_policy (v0.18.2),POLICY,Medien / Audio-Stack-Vorrang,L3 POLICY,entity_state,none|homepods|tv_denon|gaming_stack|private_stack|sleep,Welcher Stack besitzt die Audio-Senke; mischt Kontext-Prioritaet mit beobachteter HomePods-Wiedergabe,nein,nein,nein,nein,"2 (media_apply, Umbrella)",nein,SEMANTIC_CONFLICT (Prioritaet des Soll-Stacks UND Ist-Beobachtung in einem Wert),POLICY_OUTPUT,POLICY,"AUDIO_OWNER_SLEEP ist definiert, wird aber nie emittiert."
audio_scenario,benni_media_policy (v0.18.2),POLICY,Medien / gewuenschtes Audio-Szenario,L3 POLICY,entity_state + label + detail,off|private|gaming|tv|music,"Desired-Audio-Wahrheit: immer aus der Konstellation abgeleitet, unabhaengig vom Player-Zustand; Musik ist die Baseline",nein,nein,nein,nein,1 (Umbrella),nein,-,POLICY_OUTPUT,POLICY,"'off' entsteht erst in der Umbrella-Projektion, nicht in der Policy."
action,benni_media_policy (v0.18.2),POLICY,Medien / auszufuehrende Aktion,L3 POLICY,entity_state,none|pause_homepods|resume_homepods|start_radio,Von der Policy gewuenschte Aktion,ja (OrchestratorState im RAM),nein (RAM-only),nein,nein,1 (media_apply),nein,"COMPATIBILITY_ALIAS (Enum ist in apply/const.py kopiert, dort zusaetzlich turn_off_denon)",POLICY_OUTPUT,POLICY,
homepods_should_pause / homepods_resume_allowed / volume_apply_allowed / subwoofer_allowed,benni_media_policy (v0.18.2),POLICY,Medien / Apply-Freigaben,L4 ARBITRATE,entity_state (binary),on|off,Pro-Entscheidung-Freigaben fuer den Apply-Layer (getrennt vom globalen apply_enabled),teilweise,nein,nein,nein,1 (media_apply),nein,-,POLICY_OUTPUT,POLICY,
volume_target_homepods / volume_target_denon / volume_policy,benni_media_policy (v0.18.2),POLICY,Medien / Lautstaerke-Soll,L3 POLICY,entity_state,float 0..1 bzw. idle|media|ducked|muted|blocked,Ziel-Lautstaerke und Volume-Zustand je Geraet,"ja (Nudge, Boost-Suppression, sticky HP-Target im RAM)","nein (RAM-only, ausser Matrix)",nein,nein,1 (media_apply),nein,-,POLICY_OUTPUT,POLICY,"VOL_POLICY_MUTED ist definiert, wird aber nie emittiert."
sleep_tv_evidence,benni_media_apply (v0.19.15),APPLY,Medien / TV-Aus-Evidenz der Schlafepisode,L6 LIFECYCLE,"entity_state + attrs (sleep_reference_start, off_confirmed_at, deadline, timer_source)",inactive|tv_active|confirming_off|off_confirmed|unavailable,"Beobachtete TV-Aus-Bestaetigung waehrend eines Schlaf-Lifecycles, korreliert ueber sleep_reference_start",ja (SleepTvState mit absoluter Deadline),ja (eigener Store),ja (unavailable als eigener Wert),ja (confirm-Fenster + absolute Deadline),1 (core_state),"ja (Apply -> Core, Rueckkopplung)","DERIVED_DIFFERENT_SCOPE (Execution-Evidenz, die einen State-Uebergang autorisiert)",CONTRACT_READY,APPLY,Die einzige Execution->State-Rueckkopplung im Stack; durch den Referenzschluessel sauber gegen Fehlzuordnung gesichert.
playback_health / playback_recovery_stage / denon_nachlauf_active / ramp_active / execute / apply_enabled,benni_media_apply (v0.19.15),APPLY,Medien / Ausfuehrungs-Zustand,L5/L6,entity_state + attrs,diverse,Beobachteter und geplanter Ausfuehrungszustand des Apply-Layers,ja,teilweise (Store),ja (playback_health_attrs),teilweise,1 (Umbrella),nein,-,EXECUTION_STATE,APPLY,
