edge_id,producer_repo,producer_component,state_name,transport,source_entity_or_field,possible_values,consumed_value_or_predicate,consumer_repo,consumer_component,decision_level,decision_question,consumer_interpretation,result_or_effect,fallback_behavior,unknown_unavailable_behavior,source_reference,test_coverage,compatibility_or_legacy,change_impact,notes
E-001,benni-core-state,coordinator + logic.compute_bio_state,bio_state,entity_state,sensor.<profil>_core_state_bio_state,sleep|provisional_sleep|waking|awake,"state in (provisional_sleep, sleep, sleeping, asleep) -> bio_sleep=True",benni_media_policy,coordinator._build_inputs + logic.decide,L3,Ist dies Sleep fuer Audio?,sleep_like (PS zaehlt als Schlaf),"competes=True -> homepods_should_pause, Resume blockiert, HomePods-Ziel 0.0",ungebunden/None -> bio_sleep=False,unknown/unavailable -> nicht in der Menge -> False,"benni_media_policy/custom_components/benni_media_policy/const.py:86; coordinator.py:401; logic.py:967,999,1008",benni_media_policy/tests/test_logic.py,"COMPATIBILITY_ALIAS: sleeping/asleep akzeptiert, von Core State nie emittiert",CRITICAL,"Einziger Consumer, der ein Rename sleep->sleeping heute schon toleriert."
E-002,benni-core-state,coordinator,bio_state,entity_state,sensor.<profil>_core_state_bio_state,sleep|provisional_sleep|waking|awake,bio_sleep is True,benni_media_policy,logic.music_baseline_candidate,L4,Darf Musik automatisch starten?,Schlaf sperrt Auto-Start,music_baseline=False -> kein start_radio,False -> Baseline erlaubt,siehe E-001,benni_media_policy/.../logic.py:353-380,benni_media_policy/tests/test_logic.py,,HIGH,
E-003,benni-core-state,coordinator,bio_state,entity_state,sensor.<profil>_core_state_bio_state,sleep|provisional_sleep|waking|awake,"state.strip().lower() == ""waking"" (hartes String-Literal)",benni_media_policy,logic._wake_sequence_active,L4,Laeuft das Wake-Fenster (wer besitzt den Musik-Start)?,waking = die Wake-Sequenz besitzt den Start,"Baseline schweigt (FLEET-246, keine Doppelzuendung mit media_apply R23)",None -> '' -> False,unknown -> False -> Baseline darf starten,benni_media_policy/.../logic.py:344-350,benni_media_policy/tests/test_logic.py,,HIGH,Literal statt Konstante: ein Rename von waking bricht hier still.
E-004,benni-core-state,coordinator,bio_state,entity_state,sensor.<profil>_core_state_bio_state,sleep|provisional_sleep|waking|awake,"state == ""sleep"" (NUR sleep; provisional_sleep NICHT)",benni_media_apply,coordinator._bio_sleep,L3,Ist dies Sleep fuer die Ausfuehrung?,sleep_strict,"should_autostart_radio=False, playback_start_block_reason=bio_sleep, R14-Nachlaufpause",ungebunden -> None (nicht False) -> 'is True'-Vergleiche greifen nicht,unknown/unavailable -> None -> Gate wirkt NICHT,benni_media_apply/custom_components/benni_media_apply/coordinator.py:516-523; const.py:108,benni_media_apply/tests,,CRITICAL,"SEMANTIC_CONFLICT zu E-001: waehrend provisional_sleep haelt Apply den Autostart fuer erlaubt, Policy blockt ihn."
E-005,benni-core-state,coordinator,bio_state,entity_state,sensor.<profil>_core_state_bio_state,sleep|provisional_sleep|waking|awake,"state in (provisional_sleep, sleep)",benni_media_apply,logic.playback_repair_block_reason,L4,Darf ein Playback-Repair (Unmute/Health) laufen?,sleep_like,Block 'sleep_context',None -> naechstes Gate (E-006),unknown -> faellt in E-006 'bio_state_unproven',benni_media_apply/.../logic.py:484; const.py:109-110,benni_media_apply/tests,,HIGH,Innerhalb media_apply ist die Sleep-Definition uneinheitlich (E-004 vs. E-005).
E-006,benni-core-state,coordinator,bio_state,entity_state,sensor.<profil>_core_state_bio_state,sleep|provisional_sleep|waking|awake,"state not in (""waking"",""awake"") (hartes Tupel neben BIO_AWAKE_VALUES)",benni_media_apply,logic.playback_repair_block_reason,L4,Ist Wachheit beweisbar genug fuer eine Reparatur?,fail-closed,Block 'bio_state_unproven',None -> blockt,unknown/unavailable -> blockt (gewollt),benni_media_apply/.../logic.py:486-487,benni_media_apply/tests,,HIGH,Zweites hartes Literal-Paar in derselben Datei.
E-007,benni-core-state,coordinator,bio_state,entity_state,sensor.<profil>_core_state_bio_state,sleep|provisional_sleep|waking|awake,"FLANKE: prev not in (awake, waking) AND cur in (awake, waking)",benni_media_apply,coordinator._bio_edges + _wake_trigger_fired,L6,Ist gerade eine Wach-Flanke passiert?,Wake-Event (R23),"Wake-Sequenz (HomePods-Startlautstaerke, Ramp, Radio-Autostart) UND Stop-Latch-Reset",prev None (Erststand) -> keine Flanke,"unknown -> keine Flanke, Vortick-State wird aber ueberschrieben",benni_media_apply/.../coordinator.py:2293-2302; const.py:114,benni_media_apply/tests (PR #52),,CRITICAL,"provisional_sleep -> awake (Aktivitaets-Wake) zaehlt als Wake-Flanke; fuer den Latch bewusst, fuer R23 nicht dokumentiert."
E-008,benni-core-state,coordinator,bio_state,entity_state,sensor.<profil>_core_state_bio_state,sleep|provisional_sleep|waking|awake,"FLANKE: prev != ""sleep"" AND cur == ""sleep""",benni_media_apply,coordinator._bio_edges (to_sleep),L6,Ist der Nutzer gerade eingeschlafen?,Einschlaf-Flanke,private-Clear-Pfad (FLEET-98),keine Flanke,keine Flanke,benni_media_apply/.../coordinator.py:2301,benni_media_apply/tests,,MEDIUM,provisional_sleep -> sleep erzeugt die Flanke; awake -> provisional_sleep nicht.
E-009,benni-core-state,coordinator,bio_state,entity_state + entity_attribute,"sensor.<profil>_core_state_bio_state (+ attrs sleep_source, sleep_reference_start)",sleep|provisional_sleep|waking|awake,"state in (provisional_sleep, sleep); Sonderfall prev=PS, cur=S, sleep_source=manual",benni_media_apply,logic.decide_sleep_tv (R24),L6,"Soll der Sleep-TV-Timer laufen, neu starten oder abbrechen?",sleep_like als Lifecycle-Fenster,Timer arm/extend/cancel; publiziert sensor.*_media_apply_sleep_tv_evidence,kein Sleep-Kontext -> Timer cancel,"tv_off None -> evidence=unavailable, absolute Deadline bleibt erhalten",benni_media_apply/.../logic.py:1463-1575,benni_media_apply/tests (PR #43/#54),,CRITICAL,Producer-Seite der Rueckkopplung zu E-026.
E-010,benni-core-state,coordinator,bio_state,entity_state,sensor.<profil>_core_state_bio_state,sleep|provisional_sleep|waking|awake,"gemischt: bio_sleep (nur sleep) UND state in (provisional_sleep, sleep) je Fundstelle",benni_media_apply,logic (R13/R14 Denon-Nachlauf),L4,Soll der Denon-Nachlauf im Schlaf pausieren?,gemischt sleep_strict / sleep_like,Nachlauf-Timer ausgesetzt bzw. anders gewichtet,normaler Nachlauf,normaler Nachlauf,"benni_media_apply/.../logic.py:1104,1398,1612; coordinator.py:2524",benni_media_apply/tests,,HIGH,Die von OPR-032 beschriebene Mischung liegt bereits innerhalb EINES Moduls.
E-011,benni-core-state,coordinator,bio_state,entity_state,sensor.benni_core_state_bio_state,sleep|provisional_sleep|waking|awake,"FLANKE in frozenset{""sleep"",""asleep""} (BIO_SLEEP_VALUES, OHNE provisional_sleep)",benni_media_state,logic.should_clear_private_on_sleep + coordinator._compute,L6,Soll der manuelle private_time-Latch beim Einschlafen geraeumt werden?,sleep_strict (+ Legacy-Alias asleep),"private_manual=False, Timeout abgebrochen",kein Clear,unknown -> kein Clear,benni_media_state/custom_components/benni_media_state/logic.py:294-305; const.py:502,benni_media_state/tests/test_logic.py,COMPATIBILITY_ALIAS 'asleep' (nie emittiert),MEDIUM,Dritte Sleep-Definition im Media-Stack.
E-012,benni-core-state,coordinator,bio_state,entity_state,sensor.benni_core_state_bio_state,sleep|provisional_sleep|waking|awake,Roh-Echo (kein Praedikat),benni_media_state,coordinator._context_echo,L0,Was zeigt das Media-Cockpit als Koerperzustand?,Anzeige,WS-Statusfeld context.bio_state,None,None,benni_media_state/.../coordinator.py:570,-,,LOW,Reine Projektion.
E-013,benni-core-state,coordinator,bio_state,entity_state,sensor.benni_core_state_bio_state,sleep|provisional_sleep|waking|awake,"state == ""waking""",benni_light_policy,policy._eval_waking + _eval_wake_up,L3,Soll Weckerlicht laufen?,waking = Weckphase,"Wake-Look, Lux-Gate ignoriert; zusaetzliche Prio-0-Policy fuer Wake-Lampen",kein Wake-Look,unknown -> kein Wake-Look,"benni_light_policy/custom_components/benni_light_policy/policy.py:392-398,639-648; const.py:103",benni_light_policy/tests/light_policy,,HIGH,
E-014,benni-core-state,coordinator,bio_state,entity_state,sensor.benni_core_state_bio_state,sleep|provisional_sleep|waking|awake,"state in frozenset{provisional_sleep, sleep} (BIO_SLEEP_CONTEXTS)",benni_light_policy,policy._eval_hard_off,L3,Soll das Licht hart aus sein?,sleep_like,hard_off-Plan (alle Gruppen aus),kein hard_off,unknown -> kein hard_off,benni_light_policy/.../policy.py:403-409; const.py:100-102,benni_light_policy/tests/light_policy,,CRITICAL,Deckungsgleich mit blind_control (E-016) und media_policy (E-001): das ist der Mehrheits-Konsens fuer 'Sleep'.
E-015,benni-core-state,coordinator,bio_state,entity_state,sensor.benni_core_state_bio_state,sleep|provisional_sleep|waking|awake,"day_state in (early_night, late_night) AND bio_state == ""awake""",benni_light_policy,policy (Nacht-wach-Zweig),L2,"Ist es Nacht, aber der Nutzer ist wach?",Nacht-wach-Kombination,abweichende Phasenauswahl,Standardphase,unknown -> Standardphase,benni_light_policy/.../policy.py:262-271,benni_light_policy/tests/light_policy,,MEDIUM,Kombinationsregel bio x day_state.
E-016,benni-core-state,coordinator,bio_state,entity_state,owner-gebundener bio_state-Sensor (Auto-Suggestion ueber options-Attribut),sleep|provisional_sleep|waking|awake,"state in frozenset{provisional_sleep, sleep} (EFFECTIVE_SLEEP_STATES)",blind_control,engine._mode_candidates,L3,Soll der Rollladen in Schlafposition?,sleep_like,Kandidat 'sleep' mit config.target('sleep'),"Observation nicht usable -> Kandidat inaktiv, Quality wird durchgereicht",quality != FRESH -> usable False -> kein Kandidat (fail-closed),"blind_control/custom_components/blind_control/engine.py:46,489-504",blind_control/tests,,CRITICAL,"binding_suggestions._is_bio_state verlangt, dass das options-Attribut {sleep,provisional_sleep,waking,awake} enthaelt."
E-017,benni-core-state,coordinator,bio_state,entity_state,owner-gebundener bio_state-Sensor,sleep|provisional_sleep|waking|awake,"state == ""waking""",blind_control,engine.evaluate + _mode_candidates,L3,Ist gerade Weckphase?,waking exklusiv,Kandidat 'waking' mit config.target('waking'),kein Kandidat,unusable -> False,"blind_control/.../engine.py:75,506-514",blind_control/tests,,HIGH,
E-018,benni-core-state,coordinator,bio_state,entity_state,owner-gebundener bio_state-Sensor,sleep|provisional_sleep|waking|awake,"state == ""waking""",blind_control,engine.evaluate (Pause-Overlay),L4,Duerfen Umwelt-Anforderungen waehrend der Weckphase greifen?,waking ist exklusiv bis awake,heat_protection/glare_general/glare_tv/glare_pc/cold_insulation werden PAUSIERT (suppressed_by=waking); Manual-Override wird ignoriert,Kandidaten laufen normal,unusable -> False -> kein Pause-Overlay,blind_control/.../engine.py:75-110,blind_control/tests,,HIGH,Klarster L3/L4-Doppelfall im Stack: derselbe Wert erzeugt Ziel UND Gate.
E-019,benni-core-state,coordinator,bio_state,entity_state,owner-gebundener bio_state-Sensor,sleep|provisional_sleep|waking|awake,Wert als Bestandteil des OverrideContextKey-Tupels,blind_control,contracts.OverrideContextKey + shadow.py,L6,Passt ein fremder Manual-Override noch in den aktuellen Kontext?,Lifecycle-Schluessel (jeder Wertwechsel invalidiert),Override wird verworfen oder gehalten; shadow.py verzweigt zusaetzlich auf bio_state=='waking',nicht usable -> Schluesselwert wird '<quality>:<reason>',Quality-Praefix wird Teil des Schluessels -> Override-Invalidierung bei Sensorausfall,blind_control/.../contracts.py:108-155; shadow.py:281-292,blind_control/tests,,HIGH,Ein Rename von bio_state-Werten invalidiert alle laufenden Overrides einmalig.
E-020,benni-core-state,coordinator,bio_state,entity_state,konfigurierte bio_state_entity,sleep|provisional_sleep|waking|awake,"state == ""sleep"" (BIO_SLEEP; kein provisional_sleep)",benni_notification_router,"routing.py:152-162,256",L4,Darf eine Benachrichtigung jetzt Ton/Licht ausloesen?,sleep_strict,ROUTE_MEDIA + ROUTE_LIGHT verworfen; nicht-kritische Push/Persistent deferred,normale Zustellung,unknown -> normale Zustellung,benni_notification_router/custom_components/benni_notification_router/routing.py:152-162; const.py:36-39,-,LEGACY_SECOND_TRUTH: const.BIO_STATES kennt provisional_sleep nicht,HIGH,Waehrend provisional_sleep klingelt und leuchtet der Router weiter.
E-021,benni-core-state,coordinator,bio_state,entity_state,konfigurierte bio_state_entity,sleep|provisional_sleep|waking|awake,"state == ""waking""",benni_notification_router,routing.py:165-166,L4,Soll die Zustellung in der Weckphase gedaempft werden?,waking = soften,ROUTE_MEDIA verworfen,normale Zustellung,normale Zustellung,benni_notification_router/.../routing.py:165-166,-,,MEDIUM,
E-022,benni-core-state,coordinator,bio_state,entity_state,"GLOBAL_PREFILL sensor.benni_combined_context_bio_state (LEGACY-Projektion, nicht core_state)",sleep|provisional_sleep|waking|awake,"ctx.bio == ""sleep"" -> ctx.asleep",plug_policy_engine,engine.PolicyContext.asleep + _decide_bias_light/_decide_diffuser/PC-Regel,L3,Soll die Steckdose im Schlaf abgeschaltet werden?,sleep_strict,"Bias Light OFF, Diffuser OFF, PC-Idle-Cut",None -> asleep False -> kein Cut,unknown -> kein Cut,"plug_policy_engine/custom_components/plug_policy_engine/engine.py:43,64-65,422-426,469-472,503-506; const.py:136",plug_policy_engine/tests,"LEGACY_SECOND_TRUTH: Prefill zeigt auf die retirete Combined-Projektion, nicht auf core_state",HIGH,Live-Bindung zu verifizieren; core_state/mapping.py fuehrt diese ID ausdruecklich als legacy_reference.
E-023,benni-core-state,coordinator,bio_state,entity_state,ENTITY_PREFILL sensor.benni_combined_context_bio_state (LEGACY),sleep|provisional_sleep|waking|awake,Roh-Uebernahme in den Klima-Kontext,benni_climate_policy,context_resolver.py:67 + bathroom.py,L1,Welcher Koerperzustand gilt fuer die Klima-Entscheidung?,Roh-Uebernahme,Teil des Klima-Kontexts,_state_value None,None,benni_climate_policy/custom_components/benni_climate_policy/const.py:85; context_resolver.py:67; integration_contracts.py:32,benni_climate_policy/tests,LEGACY_SECOND_TRUTH: bindet ausschliesslich auf benni_combined_context_*,HIGH,Climate ist der einzige Policy-Consumer OHNE eine einzige direkte core_state-Bindung auf main.
E-024,benni-core-state,coordinator,bio_state,entity_state,sensor.benni_core_state_bio_state,sleep|provisional_sleep|waking|awake,"${bio} == ""sleep"" OR ${bio} == ""waking"" (+ aktive Aktivitaetsquelle)",einhornzentrale,benni_core_devices/import.yaml: context_bio_wake_candidate,L2,Liegt ein Aufweck-Kandidat vor?,sleep ODER waking = weckbar,boolescher Combined-Output wake_candidate,default_output false,diagnostics.fail_safe: unknown,einhornzentrale/benni_core_devices/import.yaml:358-388,-,COMPATIBILITY: provisional_sleep fehlt -> PS ist kein Wake-Kandidat,MEDIUM,Config-Artefakt; laut Betriebswissen ist der Bulk-Import nicht live gemergt -> Wirksamkeit LIVE offen.
E-025,benni-core-state,coordinator,bio_state,entity_state,sensor.benni_core_state_bio_state,sleep|provisional_sleep|waking|awake,"state in ['sleep','waking','awake'] (provisional_sleep FEHLT)",einhornzentrale,"packages/system/templates/toolbox_readiness.yaml:11,28",L0,Ist der Core-State-Kontext technisch bereit?,Wertebereichs-Pruefung,"binary_sensor.system_benni_context_ready geht OFF, wenn bio_state == provisional_sleep",False,False,"einhornzentrale/packages/system/templates/toolbox_readiness.yaml:11,28",-,LEGACY_SECOND_TRUTH: veralteter Wertebereich,HIGH,NEW_FINDING: Readiness meldet im legitimen Zustand provisional_sleep 'nicht bereit'.
E-026,benni_media_apply,logic.decide_sleep_tv,sleep_tv_evidence,entity_state + entity_attribute,"sensor.*_media_apply_sleep_tv_evidence (+ attrs sleep_reference_start, off_confirmed_at)",inactive|tv_active|confirming_off|off_confirmed|unavailable,"state == ""off_confirmed"" AND attr sleep_reference_start == persistenter sleep_reference_start AND prev bio == provisional_sleep",benni-core-state,coordinator (inferred_sleep) -> logic.compute_bio_state,L6,Darf provisional_sleep in bestaetigten Schlaf uebergehen?,TV-Aus-Evidenz der aktuellen Schlafepisode,"bio_state PS -> S, sleep_source='inferred_tv_off', sleep_confirmed=False",kein Uebergang (PS bleibt),unknown/unavailable oder Referenz-Mismatch -> kein Uebergang,benni-core-state/.../coordinator.py:1071-1120; const.py:299,benni-core-state/tests/test_issue59_sleep_detection.py,,CRITICAL,RUECKKOPPLUNG Core->Media->Core. Prefill bindet sensor.benni_media_apply_sleep_tv_evidence; live existiert der system_-Slug (OPR-141).
E-030,benni-core-state,logic.compute_activity_decision,activity_state,entity_state,sensor.benni_core_state_activity_state,"sleep|waking|private_time|gaming|entertainment|music|work_home|household|pc_active|free_time|idle|work_away(publiziert, nie erzeugt)","state == ""private_time""",benni_light_policy,policy._eval_private_time,L3,Soll Privat-Licht gelten?,exakter Wert,private_time-Look,Policy greift nicht,unknown -> Policy greift nicht,benni_light_policy/.../policy.py:429-435; const.py:106,benni_light_policy/tests/light_policy,,HIGH,
E-031,benni-core-state,logic.compute_activity_decision,activity_state,entity_state,sensor.benni_core_state_activity_state,"sleep|waking|private_time|gaming|entertainment|music|work_home|household|pc_active|free_time|idle|work_away(publiziert, nie erzeugt)","state == ""work_home""",benni_light_policy,policy._eval_work_home,L3,Soll Arbeitslicht (CCT 5000K) gelten?,exakter Wert,work_home-Look,Policy greift nicht,Policy greift nicht,benni_light_policy/.../policy.py:440-446,benni_light_policy/tests/light_policy,,MEDIUM,"work_home ist auf main nicht produzierbar, solange CONF_HOMEOFFICE_PING ungebunden ist -> toter Zweig."
E-032,benni-core-state,logic.compute_activity_decision,activity_state,entity_state,sensor.benni_core_state_activity_state,"sleep|waking|private_time|gaming|entertainment|music|work_home|household|pc_active|free_time|idle|work_away(publiziert, nie erzeugt)","state == ""household""",benni_light_policy,policy._eval_household,L3,Soll Haushalts-Licht gelten?,exakter Wert,household-Look (phasenabhaengig),Policy greift nicht,Policy greift nicht,benni_light_policy/.../policy.py:451-458,benni_light_policy/tests/light_policy,,MEDIUM,
E-033,benni-core-state,logic.compute_activity_decision,activity_state,entity_state,sensor.benni_core_state_activity_state,"sleep|waking|private_time|gaming|entertainment|music|work_home|household|pc_active|free_time|idle|work_away(publiziert, nie erzeugt)","state in frozenset{free_time, idle} (ACTIVITY_PRESET_DRIVING)",benni_light_policy,policy (Preset-/Musik-Policy),L4,Darf ein Szenen-Preset den Look treiben?,nur neutrale Aktivitaet,Preset-getriebener Look zugelassen,nicht zugelassen,nicht zugelassen,benni_light_policy/.../policy.py:610; const.py:111,benni_light_policy/tests/light_policy,,HIGH,Seit Activity v1 ist der frueher dominante free_time-Sammeltopf aufgefaechert -> dieser Zweig feuert deutlich seltener.
E-034,benni-core-state,logic.compute_activity_decision,activity_state,entity_state,sensor.benni_core_state_activity_state,"sleep|waking|private_time|gaming|entertainment|music|work_home|household|pc_active|free_time|idle|work_away(publiziert, nie erzeugt)","state in frozenset{gaming, free_time, idle} (GAMING_ACTIVITY_STATES); pc_active bewusst ausgeschlossen",benni_light_policy,policy.make_gaming_policy,L4,Ist echtes Gaming aktiv (Gaming-Look/Ring)?,gaming + Rueckwaertskompatibilitaet,Gaming-Look/Ring zugelassen (zusaetzlich media_device == source_id),Gate zu,Gate zu,benni_light_policy/.../policy.py:558-573; const.py:119-127,benni_light_policy/tests/light_policy,COMPATIBILITY_ALIAS free_time/idle,HIGH,OUTDATED gegenueber aelterer Notiz: auf main enthaelt das Gate 'gaming'; der frueher gemeldete Ring-Ausfall ist behoben.
E-035,benni-core-state,logic.compute_activity_decision,activity_state,entity_state + entity_attribute,"sensor.*_core_state_activity_state (+ attrs pc_active, entertainment_active, gaming_platform, media_device, media_activity_context, media_context, screen_class)","sleep|waking|private_time|gaming|entertainment|music|work_home|household|pc_active|free_time|idle|work_away(publiziert, nie erzeugt)","Adapter: explizite Screen-Evidenz > state in {entertainment, pc_active, gaming} > Kontext-Attribute",blind_control,coordinator._convert_activity,L1,Welche Bildschirmart ist aktiv (Blend-Kontext)?,Normalisierung auf blind-eigenes Vokabular pc|tv|screen|none,normalisierter Wert speist TV_ACTIVITY/PC_ACTIVITY/SCREEN_ACTIVITY,"state in {idle,none,music,sleep,waking,private_time,work_home,work_away,household,free_time} -> 'none'",unbekannter Wert -> ValueError -> Observation unusable -> alle Blend-Kandidaten inaktiv,"blind_control/.../coordinator.py:889-981; engine.py:43-45,635-687",blind_control/tests,SAME_TRUTH_PROJECTION (bewusster Adapter),CRITICAL,Ein NEUER activity-Wert macht blind_controls Blendschutz sofort unbenutzbar (fail-closed by design).
E-036,benni-core-state,logic.compute_activity_decision,activity_state,derived (L1 aus E-035),normalisierter Wert pc|tv|screen|none,pc|tv|screen|none,pc -> PC_ACTIVITY; tv -> TV_ACTIVITY; screen -> SCREEN_ACTIVITY,blind_control,engine._environment_candidates,L3,Ist Blendschutz erforderlich und welcher?,Blend-Klasse,glare_pc / glare_tv / glare_general Kandidat mit eigenem Zielwert,'none' -> kein Blendkandidat,siehe E-035,"blind_control/.../engine.py:246-250,635-687",blind_control/tests,,HIGH,
E-037,benni-core-state,logic.compute_activity_decision,activity_state,entity_state,sensor.benni_core_state_activity_state,"sleep|waking|private_time|gaming|entertainment|music|work_home|household|pc_active|free_time|idle|work_away(publiziert, nie erzeugt)","state in (work_home, work_away) (BOOST_BLOCK_ACTIVITIES)",benni_media_policy,logic.boost_active,L4,Darf der Track-Boost (R18) greifen?,Arbeitskontext blockt Boost,boost_active=False -> kein +0.15-Volume-Offset,Boost erlaubt,unknown -> Boost erlaubt,benni_media_policy/.../logic.py:559-572; const.py:145-148,benni_media_policy/tests/test_logic.py,work_away wird nie produziert -> halb toter Zweig,MEDIUM,"Einzige Stelle im Media-Stack, die activity_state fachlich auswertet (neben E-038)."
E-038,benni-core-state,logic.compute_activity_decision,activity_state,entity_state,sensor.benni_core_state_activity_state,"sleep|waking|private_time|gaming|entertainment|music|work_home|household|pc_active|free_time|idle|work_away(publiziert, nie erzeugt)","Schluessel-Lookup activity_off_homepods/-denon .get(value, 0.0)",benni_media_policy,logic.decide_volume + volume_breakdown (Volume-Matrix Stage A),L1,Welcher Aktivitaets-Summand gilt fuer die Lautstaerke?,tabellarischer Offset,"Offset (aktuell 0.0, Tabellen leer geseeded)",".get(..., 0.0)",0.0,"benni_media_policy/.../logic.py:651,666,744,752; const.py (Stage A)",benni_media_policy/tests/test_logic.py,,LOW,Stage C (FLEET-102/267) wuerde den Lookup scharf schalten - dann wird ein Enum-Rename hier zur stillen Fehlkonfiguration.
E-039,benni-core-state,logic.compute_activity_decision,activity_state,entity_state,sensor.benni_core_state_activity_state,"sleep|waking|private_time|gaming|entertainment|music|work_home|household|pc_active|free_time|idle|work_away(publiziert, nie erzeugt)","state in (""sleep"",""asleep"",""quiet"")",benni_media_state,logic.evaluate_quiet,L2,Ist Quiet (Ducking) angezeigt?,activity==sleep als ZWEITER Schlafkanal neben bio_state,"quiet_mode=True (reason activity_sleep) -> Ducking, Subwoofer aus, R20-Snapshot",quiet False,unknown -> quiet False,benni_media_state/.../logic.py:321-335,benni_media_state/tests/test_logic.py,DUPLICATE_CALCULATION: Schlaf wird hier ueber activity_state statt bio_state erkannt; 'asleep'/'quiet' existieren nicht,HIGH,"CONFIRMED_CURRENT (= OPR-033). Wirkt nur bei bio in {S,PS} OHNE TV, da sonst activity=entertainment gewinnt (E-046)."
E-040,benni-core-state,logic.compute_activity_decision,activity_state,entity_state,konfigurierte activity_state_entity,"sleep|waking|private_time|gaming|entertainment|music|work_home|household|pc_active|free_time|idle|work_away(publiziert, nie erzeugt)","state == ""work_home""",benni_notification_router,routing.py:189,L4,Soll im Arbeitskontext gedaempft zugestellt werden?,exakter Wert,Route-Unterdrueckung fuer nicht-kritische Meldungen,normale Zustellung,normale Zustellung,benni_notification_router/.../routing.py:189,-,,LOW,work_home wird auf main nie produziert -> toter Zweig.
E-041,benni-core-state,logic.compute_activity_decision,activity_state,entity_state,konfigurierte activity_state_entity,"sleep|waking|private_time|gaming|entertainment|music|work_home|household|pc_active|free_time|idle|work_away(publiziert, nie erzeugt)","state == ""private_time""",benni_notification_router,routing.py:214,L4,Soll Private Time Meldungen maskieren oder unterdruecken?,exakter Wert; Verhalten ueber Option private_time_behavior (mask|suppress|normal),Maskierung oder Unterdrueckung,normale Zustellung,normale Zustellung,benni_notification_router/.../routing.py:214; const.py:29,-,,MEDIUM,
E-042,benni-core-state,logic.compute_activity_decision,activity_state,entity_state,GLOBAL_PREFILL sensor.benni_combined_context_activity_state (LEGACY),"sleep|waking|private_time|gaming|entertainment|music|work_home|household|pc_active|free_time|idle|work_away(publiziert, nie erzeugt)",Roh-Uebernahme in den Policy-Kontext,plug_policy_engine,coordinator + engine.PolicyContext,L0,Welche Aktivitaet gilt fuer Steckdosen-Entscheidungen?,Roh-Uebernahme (kein Praedikat auf main),Diagnose-Attribut,None,None,plug_policy_engine/.../const.py:141,plug_policy_engine/tests,LEGACY_SECOND_TRUTH,LOW,"Gebunden, aber ohne fachliche Auswertung."
E-043,benni-core-state,logic.compute_activity_decision,activity_state,internal,ComputedState.activity_state (prozessintern),"sleep|waking|private_time|gaming|entertainment|music|work_home|household|pc_active|free_time|idle|work_away(publiziert, nie erzeugt)",ACTIVITY_HOLD_STRENGTH: private_time/gaming/entertainment/work_home/music=high; pc_active/household=mid; Rest=none,benni-core-state,logic.apply_activity_hold,L4,Darf lokale Aktivitaet ein rohes 'abwesend' ueberstimmen?,Aktivitaetsstaerke als Anwesenheits-Indiz,presence_effective bleibt (assumed) 'home'; binary_sensor.*_presence_away geht OFF,idle/sleep/waking/free_time -> kein Hold,Feed degradiert -> activity=idle -> kein Hold,benni-core-state/.../const.py (ACTIVITY_HOLD_STRENGTH); logic.py:1785-1870,benni-core-state/tests/test_activity_hold.py,,CRITICAL,"Kern der Presence/Activity-Rueckkopplung (siehe E-070, E-076, E-145)."
E-044,benni-core-state,logic.compute_activity_decision,activity_state,internal,ComputedState.activity_state,"sleep|waking|private_time|gaming|entertainment|music|work_home|household|pc_active|free_time|idle|work_away(publiziert, nie erzeugt)","state in frozenset{music, entertainment} (SOFT_HOLD_ACTIVITIES) AND band==far AND Trend away_from_home",benni-core-state,logic.apply_activity_hold,L4,Ist dieses Aktivitaetssignal 'vergessen weiterlaufend' oder echte Anwesenheit?,weich/ambient vs. harter Anker,Hold wird gebrochen -> presence_effective away,harte Anker halten trotz far-away,Band unknown -> Hold bleibt,benni-core-state/.../const.py (SOFT_HOLD_ACTIVITIES); logic.py:1785-1870,benni-core-state/tests/test_activity_hold.py,,HIGH,
E-045,benni-core-state,logic.compute_activity_decision,activity_state,internal,ActivityDecision.winner,"sleep|waking|private_time|gaming|entertainment|music|work_home|household|pc_active|free_time|idle|work_away(publiziert, nie erzeugt)","winner == ""entertainment"" AND prev_bio == ""awake"" AND presence == ""zuhause"" AND day_state in (early_night, late_night)",benni-core-state,logic.provisional_sleep_decision,L4,Darf awake nach provisional_sleep wechseln?,TV-Abend als PS-Eintritt,bio_state awake -> provisional_sleep,ps_entry_blocked mit rejected_inputs,Feed degradiert -> activity != entertainment -> kein PS,benni-core-state/.../logic.py:1018-1041; coordinator.py:1064-1069,"benni-core-state/tests/test_issue59_sleep_detection.py, test_activity_decision_contract.py",,CRITICAL,Der PS-Eintritt haengt damit indirekt am media_state-Feed: Media entscheidet ueber den Schlaf-Lifecycle mit.
E-046,benni-core-state,logic.compute_activity_decision,activity_state,internal,bio_state + tv_active + Feed-Bucket,"sleep|waking|private_time|gaming|entertainment|music|work_home|household|pc_active|free_time|idle|work_away(publiziert, nie erzeugt)",sleep_context AND (tv_active OR feed_bucket == entertainment),benni-core-state,logic.compute_activity_decision,L4,Ueberstimmt laufendes Entertainment den Schlafkontext in der Aktivitaet?,"TV im Bett = entertainment, nicht sleep",activity_state = entertainment statt sleep (bio_state bleibt S/PS),ohne TV -> activity=sleep,Feed degradiert + tv_active False -> activity=sleep,benni-core-state/.../logic.py:1580-1600,benni-core-state/tests/test_activity_decision_contract.py,,HIGH,"Erklaert, warum E-039 (Quiet via activity==sleep) nur ohne TV feuert."
E-047,benni-core-state,coordinator,activity_state,entity_state,sensor.benni_core_state_activity_state,"sleep|waking|private_time|gaming|entertainment|music|work_home|household|pc_active|free_time|idle|work_away(publiziert, nie erzeugt)","state not in ['unknown','unavailable','none','']",einhornzentrale,"packages/system/templates/toolbox_readiness.yaml:14,31",L0,Ist der Activity-State technisch verfuegbar?,Existenzpruefung (kein Enum-Check),Teil von binary_sensor.system_benni_context_ready,False,False,"einhornzentrale/packages/system/templates/toolbox_readiness.yaml:14,31",-,,LOW,Rename-robust (nur Existenzpruefung).
E-048,benni-core-state,coordinator,activity_state,entity_state,sensor.benni_core_state_activity_state (CONF_ACTIVITY_STATE),"sleep|waking|private_time|gaming|entertainment|music|work_home|household|pc_active|free_time|idle|work_away(publiziert, nie erzeugt)",Roh-Echo,benni_media_state,coordinator._context_echo + Inputs.activity_state,L0,Was zeigt das Media-Cockpit als Aktivitaet?,Anzeige (+ Quiet-Input E-039),Cockpit-Feld,None,None,"benni_media_state/.../coordinator.py:574,694",-,,LOW,Dieselbe Bindung traegt E-039 (L2) und dieses L0-Echo.
E-050,benni-core-state,logic.compute_day_state,day_state,entity_state,sensor.benni_core_state_day_state,early_night|late_night|early_morning|forenoon|midday|afternoon|late_afternoon|evening|late_evening,state in SUPPORTED_DAY_PHASES (9 Core-Werte + 8 Legacy-Werte vereinigt),benni_light_policy,policy._phase + const.SUPPORTED_DAY_PHASES,L1,Welche Tagesphase gilt fuer die Look-Matrix?,beide Enum-Generationen akzeptiert,Phasenspalte in der Look-Matrix,Phase None -> day_state_known=False -> eigener konservativer Zweig,unbekannter Wert -> None -> konservativer Zweig,"benni_light_policy/custom_components/benni_light_policy/const.py:60-87; policy.py:230-244,377",benni_light_policy/tests/light_policy,"COMPATIBILITY_ALIAS: LEGACY_DAY_PHASES (late_morning, early_evening) bleiben gueltig",HIGH,"Einziges Modul, das den Generationswechsel explizit modelliert."
E-051,benni-core-state,logic.compute_day_state,day_state,entity_state,sensor.*_core_state_day_state,early_night|late_night|early_morning|forenoon|midday|afternoon|late_afternoon|evening|late_evening,"state in _CANONICAL_DAY_STATES (exakt die 9), sonst ValueError",blind_control,coordinator._convert_value (key=day_state),L1,Ist die Tagesphase kanonisch verwendbar?,strikte 9-Werte-Validierung,Observation usable mit reason=canonical_nine_phase_day_state,ValueError -> Observation unusable,unusable -> Privacy und Phasenlogik fallen aus,blind_control/.../coordinator.py:716-720; binding_suggestions.py:317-328,blind_control/tests,STRICT (keine Legacy-Werte),CRITICAL,SEMANTIC_CONFLICT zu E-054/E-055: media_policy erwartet die 8-Phasen-Generation.
E-052,benni-core-state,logic.compute_day_state,day_state,derived,day_state (validiert),early_night|late_night|early_morning|forenoon|midday|afternoon|late_afternoon|evening|late_evening,"state in {evening, late_evening, early_night, late_night} (PRIVACY_PHASES)",blind_control,privacy.with_phase_privacy,L2,Besteht Sichtschutz-Bedarf?,Abend/Nacht = Privacy,privacy=True -> privacy-Kandidat,privacy=False,"day nicht usable -> value None, quality CONFLICT, reason privacy_day_phase_unusable",blind_control/custom_components/blind_control/privacy.py,blind_control/tests,SAME_TRUTH_PROJECTION (ersetzt eine retirete boolesche Bindung),HIGH,
E-053,benni-core-state,logic.compute_day_state,day_state,derived,day_state (validiert),early_night|late_night|early_morning|forenoon|midday|afternoon|late_afternoon|evening|late_evening,"DAYLIGHT={early_morning,forenoon,midday,afternoon,late_afternoon}; TRANSITION={evening,late_evening}; NIGHT={early_night,late_night}",blind_control,engine.py:40-42 + Umweltkandidaten,L2,"Ist gerade Tag, Uebergang oder Nacht?","3-Klassen-Projektion, deckt alle 9 Werte ab",base_daylight und Umweltlogik,-,siehe E-051,blind_control/.../engine.py:40-42,blind_control/tests,,HIGH,Vollstaendige und korrekte Abdeckung der 9 Core-Werte.
E-054,benni-core-state,logic.compute_day_state,day_state,entity_state,"PROFILE_PREFILL sensor.benni_combined_context_day_state (LEGACY, NICHT core_state)",early_night|late_night|early_morning|forenoon|midday|afternoon|late_afternoon|evening|late_evening   [erwartet wird: early_morning|late_morning|forenoon|afternoon|early_evening|late_evening|early_night|late_night],Schluessel-Lookup in HOMEPODS_BASELINES / DENON_BASELINES (8-Phasen-Vokabular),benni_media_policy,logic._baseline + decide_volume,L1,Welche Tagesphasen-Baseline gilt fuer die Lautstaerke?,Tabellen-Lookup ohne Validierung,Baseline-Volume; bei Nicht-Treffer stiller flacher Fallback (0.35 / 0.40),_baseline() faellt still auf den flachen Wert zurueck,"unknown -> flacher Fallback (kein Fehler, keine Diagnose)","benni_media_policy/.../logic.py:542-547,646,662,741,749; const.py (DAY_PHASES/HOMEPODS_BASELINES)",benni_media_policy/tests/test_logic.py,SEMANTIC_CONFLICT + LEGACY_SECOND_TRUTH,CRITICAL,NEW_FINDING: midday/late_afternoon/evening fehlen in beiden Baseline-Tabellen; late_morning/early_evening existieren in core_state nicht. Unter dem 9-Phasen-Contract faellt die Phasen-Baseline in 3 von 9 Phasen still auf den flachen Wert.
E-055,benni-core-state,logic.compute_day_state,day_state,entity_state,PROFILE_PREFILL sensor.benni_combined_context_day_state (LEGACY),early_night|late_night|early_morning|forenoon|midday|afternoon|late_afternoon|evening|late_evening,"state in SUB_ALLOWED_PHASES = (late_morning, forenoon, afternoon, early_evening, late_evening) UND Wanduhr >= 09:00",benni_media_policy,logic.subwoofer_dayphase_ok + evaluate_subwoofer,L4,Darf der Subwoofer in dieser Tagesphase laufen?,Phasenfenster im 8-Phasen-Vokabular,subwoofer_allowed,nicht erlaubt (fail-closed),unknown -> nicht in der Menge -> Subwoofer bleibt aus,benni_media_policy/.../logic.py:874-906; const.py (SUB_ALLOWED_PHASES),benni_media_policy/tests/test_logic.py,SEMANTIC_CONFLICT,CRITICAL,"NEW_FINDING: Unter core_state-Werten waeren midday, late_afternoon und evening NICHT erlaubt - der Subwoofer bliebe mitten am Tag und am Abend stumm."
E-056,benni-core-state,logic.compute_day_state,day_state,entity_state,ENTITY_PREFILL sensor.benni_combined_context_day_state (LEGACY),early_night|late_night|early_morning|forenoon|midday|afternoon|late_afternoon|evening|late_evening,"(Werktag AND day_state==""early_morning"") OR (frei AND day_state==""late_morning"") OR day_state==""late_evening""",benni_climate_policy,bathroom.py:460-480,L3,Wann soll das Bad vorgeheizt werden?,Phasenfenster,Bad-Preheat-Fenster,kein Preheat,kein Preheat,benni_climate_policy/.../bathroom.py:460-480,benni_climate_policy/tests,SEMANTIC_CONFLICT: late_morning existiert in core_state nicht,HIGH,NEW_FINDING: Das Frei-Tag-Preheat-Fenster kann unter dem 9-Phasen-Contract nie feuern.
E-057,benni-core-state,logic.compute_day_state,day_state,entity_state,ENTITY_PREFILL sensor.benni_combined_context_day_state (LEGACY),early_night|late_night|early_morning|forenoon|midday|afternoon|late_afternoon|evening|late_evening,"state in ('early_night','late_night')",benni_climate_policy,"bathroom.py:681,689",L3,Gilt Nachtabsenkung?,Nacht = beide Nachtphasen,Nacht-Sollwerte,Tag-Sollwerte,Tag-Sollwerte,"benni_climate_policy/.../bathroom.py:681,689",benni_climate_policy/tests,,MEDIUM,Diese beiden Werte sind in beiden Enum-Generationen identisch -> unkritisch.
E-058,benni-core-state,logic.compute_day_state,day_state,entity_state,ENTITY_PREFILL sensor.benni_combined_context_day_state (LEGACY),early_night|late_night|early_morning|forenoon|midday|afternoon|late_afternoon|evening|late_evening,"FLANKE: day_state==""early_night"" AND last_day_state!=""early_night"" AND presence_band in (""home"",""near"")",benni_climate_policy,coordinator.py:904-911,L6,Ist gerade der Nachtuebergang passiert?,Flanke in die erste Nachtphase,einmalige Nacht-Umstellung,keine Flanke,keine Flanke,benni_climate_policy/.../coordinator.py:904-911,benni_climate_policy/tests,,MEDIUM,Kombiniert day_state-Flanke mit presence_band (E-095).
E-059,benni-core-state,logic.compute_day_state,day_state,internal,ComputedState.day_state,early_night|late_night|early_morning|forenoon|midday|afternoon|late_afternoon|evening|late_evening,"source == ""window"" AND day_state in _WAKE_ALLOWED_DAY_STATES (alles ausser early_night/late_night)",benni-core-state,logic.wake_indicators_allowed,L4,Darf ein Fenster-Signal als Wachsignal zaehlen?,nur Fenster ist phasengegatet,Fenster-Indikator akzeptiert oder abgelehnt (rejection_reason day_phase_blocked),starke Signale (PC/Konsole/Kaffee/Dusche/Tuer) sind phasenunabhaengig,"day_state None -> Fenster abgelehnt, starke Signale weiter erlaubt",benni-core-state/.../logic.py:814-834,benni-core-state/tests/test_issue59_sleep_detection.py,,HIGH,
E-060,benni-core-state,logic.compute_day_state,day_state,internal,ComputedState.day_state,early_night|late_night|early_morning|forenoon|midday|afternoon|late_afternoon|evening|late_evening,"state in {early_night, late_night}",benni-core-state,logic.provisional_sleep_decision,L4,Ist die Nachtphase fuer einen PS-Eintritt erreicht?,Nachtfenster,PS-Eintritt erlaubt oder blockiert (rejected_inputs: day_phase),blockiert,None -> blockiert,benni-core-state/.../logic.py:1018-1041,benni-core-state/tests/test_issue59_sleep_detection.py,,HIGH,
E-061,benni-core-state,logic.compute_day_state,day_state,entity_state,sensor.benni_core_state_day_state,early_night|late_night|early_morning|forenoon|midday|afternoon|late_afternoon|evening|late_evening,Quellendeklaration + Existenzpruefung,einhornzentrale,benni_core_devices/import.yaml (Light-Policy-Shadow) + toolbox_readiness.yaml:12,L0,Steht die Tagesphase als Quelle bereit?,Existenzpruefung,Readiness- bzw. Shadow-Quelle,False,False,einhornzentrale/benni_core_devices/import.yaml:2848-2850; packages/system/templates/toolbox_readiness.yaml:12,-,,LOW,
E-062,benni-core-state,logic.compute_day_state,day_state,entity_state,sensor.benni_core_state_day_state (CONF_DAY_STATE),early_night|late_night|early_morning|forenoon|midday|afternoon|late_afternoon|evening|late_evening,Roh-Echo,benni_media_state,coordinator._context_echo,L0,Welche Tagesphase zeigt das Media-Cockpit?,Anzeige,Cockpit-Feld,None,None,benni_media_state/.../coordinator.py:575; const.py PROFILE_PREFILL CONF_DAY_STATE,-,,LOW,"NEW_FINDING: media_state bindet day_state auf den CLEAN core_state-Slug, media_policy auf die Legacy-Combined-ID - zwei Bindungswege im selben Stack."
E-065,benni-core-state,logic.compute_day_context,day_context,entity_state,sensor.benni_core_state_day_context,werktag|wochenende|frei,Kalender-Theme-Eingang,benni_light_policy,const.CONF_CALENDAR_THEME,L1,Welcher Kalendertyp gilt fuer die Look-Auswahl?,Roh-Uebernahme,Themenspalte,None,None,benni_light_policy/.../const.py:278; migration.py,benni_light_policy/tests/light_policy/test_migration.py,migration.py haelt die core_state-ID ausdruecklich als kanonisch (wird nicht umgeschrieben),MEDIUM,
E-066,benni-core-state,logic.compute_day_context,day_context,entity_state,sensor.*_core_state_day_context,werktag|wochenende|frei,"werktag->weekday, wochenende->weekend, frei->holiday (+ englische Synonyme), sonst ValueError",blind_control,coordinator._convert_day_context,L1,"Ist heute Werktag, Wochenende oder frei?",Uebersetzung DE->EN,normalisierter day_context in Entscheidung und OverrideContextKey,ValueError -> unusable,unusable,blind_control/.../coordinator.py:805-820; binding_suggestions.py:331-332,blind_control/tests,COMPATIBILITY_ALIAS (beide Sprachen),MEDIUM,
E-067,benni-core-state,logic.compute_day_context,day_context,entity_state,ENTITY_PREFILL sensor.benni_combined_context_day_context (LEGACY),werktag|wochenende|frei,"workday_state ODER day_context, lowercase",benni_climate_policy,"bathroom.py:461 + context_resolver.py:68,75",L1,Ist heute Arbeitstag?,zwei Config-Slots auf dieselbe Entity,is_workday / is_free fuer die Preheat-Fenster,'','',"benni_climate_policy/.../const.py:86,93; bathroom.py:461",benni_climate_policy/tests,SAME_TRUTH_PROJECTION (2 Slots) + LEGACY_SECOND_TRUTH (Combined-ID),MEDIUM,
E-070,benni-core-state,logic.compute_presence_personal,presence_personal,entity_state,sensor.benni_core_state_presence_personal,zuhause|bei_eltern|abwesend,abwesend -> away_raw True; zuhause/bei_eltern -> False; sonst None,benni_media_state,logic.away_from_presence,L1,Ist der Nutzer abwesend (fuer Medien)?,"striktes 3-Wert-Enum, bei_eltern = home-aequivalent",away_raw (tri-state),None = kein Gate (kein Fehl-Stop),None -> kein Gate,benni_media_state/.../logic.py:239-256; const.py CONF_PRESENCE,benni_media_state/tests/test_presence.py,DERIVED_DIFFERENT_SCOPE,CRITICAL,NEW_FINDING: media_state leitet Away aus presence_personal ab und ignoriert damit den kanonischen Away-Gate binary_sensor.*_presence_away inkl. Activity-Hold (E-076). Der Code-Kommentar in logic.py nennt faelschlich binary_sensor.benni_core_state_away als Quelle.
E-071,benni_media_state,logic.gate_away,away_gate,entity_state + entity_attribute,binary_sensor.*_media_state_away_gate; attr away_gate am presence_state-Sensor,on|off,away_raw True durchgehend >= 25 s (AWAY_DEBOUNCE_SECONDS),benni_media_state,logic.decide (hoechste Prioritaet),L4,Soll Abwesenheit die gesamte Medienlogik deaktivieren?,ON-Debounce; Rueckkehr wirkt sofort,"context=idle, entertainment_active=False, gaming/subcontext geraeumt, activity_context=idle",kein Gate,away_raw None -> Gate aus,"benni_media_state/.../logic.py:258-291,679-700,825-830; const.py AWAY_DEBOUNCE_SECONDS",benni_media_state/tests/test_presence.py,,CRITICAL,"Der 25-s-Debounce ist der Grund, warum Core und Media beim Weggehen kurzzeitig auseinanderlaufen."
E-072,benni-core-state,logic.compute_presence_personal,presence_personal,entity_state,sensor.benni_core_state_presence_personal,zuhause|bei_eltern|abwesend,"state in frozenset{abwesend, bei_eltern} (PRESENCE_SIM_TRIGGERS)",benni_light_policy,policy._eval_hard_off + _eval_presence_sim + _presence_sim_active,L3,Soll Licht aus sein bzw. die Anwesenheitssimulation laufen?,bei_eltern gilt als abwesend (anders als in media_state und door_policy),hard_off ODER presence_sim-Look (je nach Phase und Transition),kein hard_off,kein hard_off,"benni_light_policy/.../policy.py:380-387,413-417,462-471; const.py:129-132",benni_light_policy/tests/light_policy,SEMANTIC_CONFLICT zur bei_eltern-Behandlung in E-070 und E-084,CRITICAL,"NEW_FINDING: bei_eltern ist im Licht 'weg', in Media und Tuer 'zuhause-aequivalent'. Beides ist begruendbar, nirgends aber gemeinsam entschieden."
E-073,benni-core-state,logic.compute_presence_personal,presence_personal,entity_state,GLOBAL_PREFILL sensor.benni_combined_context_presence_personal (LEGACY),zuhause|bei_eltern|abwesend,abwesend -> is_truly_away; zuhause/bei_eltern -> is_home_like,plug_policy_engine,engine.PolicyContext + AO/HB/AC/SC-Policies,L3,Darf die Steckdose bei Abwesenheit geschnitten werden?,bei_eltern = home-aequivalent (KEIN Cut),Away-Cut oder KEEP mit Begruendung presence=bei_eltern,KEEP,KEEP,"plug_policy_engine/.../engine.py:42,57-61,368-380,458-463,567; const.py:135",plug_policy_engine/tests,LEGACY_SECOND_TRUTH (Combined-Prefill),HIGH,
E-074,benni-core-state,logic.compute_presence_personal,presence_personal,entity_state,konfigurierte presence_personal_entity,zuhause|bei_eltern|abwesend,"HOME_EQUIVALENT_PRESENCE = {zuhause, bei_eltern}",benni_notification_router,routing.py + const.py:54-58,L3,Ist eine lokale Zustellung (Licht/Media) sinnvoll?,bei_eltern = home-aequivalent,Routing-Auswahl,Push,Push,benni_notification_router/.../const.py:54-58,-,,MEDIUM,
E-075,benni-core-state,logic.compute_presence_personal,presence_personal,entity_state,ENTITY_PREFILL sensor.benni_combined_context_presence_personal (LEGACY),zuhause|bei_eltern|abwesend,Roh-Uebernahme,benni_climate_policy,context_resolver.py:72,L1,Wer ist anwesend (Klima)?,Roh-Uebernahme,Klima-Kontext,None,None,benni_climate_policy/.../const.py:90; context_resolver.py:72,benni_climate_policy/tests,LEGACY_SECOND_TRUTH,MEDIUM,
E-076,benni-core-state,logic.away_gate_active,presence_away,entity_state (binary),"binary_sensor.*_core_state_presence_away (attrs raw_presence, activity_hold_active, effective_reason)",on|off,presence_personal == abwesend AND NOT effective_hold_active,benni-core-state,entities.PresenceAwayBinarySensor,L3,Ist Away als fachliche Folge (Gate) aktiv?,kanonisches Away-Gate der Flotte inkl. Activity-Hold,on/off fuer Downstream-Module,data None -> off,available bleibt True (dokumentierte Defaults),benni-core-state/.../entities.py (PresenceAwayBinarySensor); logic.away_gate_active; mapping.py 'presence_away',"benni-core-state/tests/test_presence.py, test_activity_hold.py",legacy_reference binary_sensor.benni_core_state_away,CRITICAL,"NEW_FINDING: Dieser als kanonisch deklarierte Gate hat auf origin/main KEINEN gefundenen Produktiv-Consumer. Media benutzt die eigene Kette (E-070/E-071), blind_control vermutlich media_states Attribut (E-168)."
E-077,benni-core-state,logic.compute_bio_state,presence_personal,internal,ComputedState.presence_personal,zuhause|bei_eltern|abwesend,"presence_personal == ""abwesend"" AND prev_state != awake",benni-core-state,logic.compute_bio_state,L4,Beendet Abwesenheit den Schlafzustand?,Abwesenheit = zwingend wach,bio_state -> awake (awake_start=now),-,presence unknown -> kein Zwangs-Wake,benni-core-state/.../logic.py:1080-1082,benni-core-state/tests/test_bio.py,,HIGH,Damit haengt der gesamte Media-Sleep-Stack indirekt an presence_personal.
E-078,benni-core-state,coordinator,presence_personal,entity_state,sensor.benni_core_state_presence_personal,zuhause|bei_eltern|abwesend,"state in ['zuhause','bei_eltern','abwesend']",einhornzentrale,"packages/system/templates/toolbox_readiness.yaml:6,23",L0,Ist presence_personal im gueltigen Wertebereich?,Enum-Validierung,Readiness-Flag,False,False,"einhornzentrale/packages/system/templates/toolbox_readiness.yaml:6,23",-,,MEDIUM,Ein Rename der Presence-Werte setzt diese Readiness sofort auf OFF.
E-079,benni-core-state,coordinator,presence_personal,entity_state,sensor.benni_core_state_presence_personal,zuhause|bei_eltern|abwesend,Roh-Echo,benni_media_state,coordinator._context_echo + MediaState.presence_source,L0,Welche Roh-Presence zeigt das Media-Cockpit?,Anzeige,Attribut presence_source,None,None,benni_media_state/.../coordinator.py:571; logic.py:678,-,,LOW,
E-080,benni-core-state,logic.compute_effective_presence + apply_activity_hold,presence_effective,entity_state,sensor.system_benni_core_state_presence_effective (Prefill; Legacy-Repoint aktiv),home|away|arriving|leaving|uncertain|stale,"state in (away, leaving) AND raw_presence == abwesend AND Schloss entriegelt",benni_door_policy,policy.decide (R-01 Auto-Lock),L3,Soll automatisch verriegelt werden?,away/leaving = Verlassen,ACTION_LOCK,keine Aktion,effective None -> Blocker presence_effective_missing; uncertain/stale -> eigener Blocker,"benni_door_policy/custom_components/benni_door_policy/policy.py:143-206; const.py:121,131-134",benni_door_policy/tests/door_policy/test_sources.py,LEGACY_ENTITY-Repoint clean -> system_ Slug,CRITICAL,
E-081,benni-core-state,logic.compute_effective_presence,presence_effective,entity_state + entity_attribute,"sensor.system_benni_core_state_presence_effective (+ attrs confidence, raw_presence)",home|away|arriving|leaving|uncertain|stale,"state in (home, arriving) AND confidence >= AUTO_UNLOCK_MIN_CONFIDENCE AND raw_presence not in {zuhause,'',unknown,unavailable,None} AND Schloss verriegelt",benni_door_policy,policy.decide (R-02 Auto-Unlock),L3,Darf zur Heimkehr automatisch entriegelt werden?,EDGE-Semantik: persoenlich noch nicht zuhause + effektiv angekommen; bei_eltern gilt hier NICHT als zuhause,ACTION_UNLOCK (mit Cooldown),raw_presence unbekannt -> konservativ als zuhause -> kein Unlock,confidence None -> high_confidence False -> Blocker arriving_confidence_low / home_confidence_low,benni_door_policy/.../policy.py:143-210; coordinator.py:279-287,benni_door_policy/tests/door_policy/test_sources.py,,CRITICAL,"Einziger Consumer, der das Attribut confidence auswertet."
E-082,benni-core-state,logic.compute_effective_presence,presence_effective,entity_state,sensor.system_benni_core_state_presence_effective,home|away|arriving|leaving|uncertain|stale,"state in (uncertain, stale)",benni_door_policy,policy.decide (Blocker),L4,Ist die Presence gut genug fuer eine Schloss-Aktion?,Qualitaets-Gate,Blocker presence_uncertain / presence_stale,-,None -> presence_effective_missing,benni_door_policy/.../policy.py:181-186,benni_door_policy/tests,,HIGH,Vorbildlich: uncertain/stale bleiben sichtbare Diagnose-Ausgaenge statt stiller Ersetzung.
E-083,benni-core-state,logic.compute_effective_presence,presence_effective,entity_state,sensor.system_benni_core_state_presence_effective,home|away|arriving|leaving|uncertain|stale,"state == ""home""",benni_door_policy,policy.decide (R-05),L4,Darf bei Anwesenheit verriegelt werden?,Anwesenheit verbietet Auto-Lock,Blocker present_no_autolock,-,-,benni_door_policy/.../policy.py:172,benni_door_policy/tests,,HIGH,
E-084,benni-core-state,logic.apply_activity_hold,presence_effective (attr raw_presence),entity_attribute,attr raw_presence am presence_effective-Sensor,zuhause|bei_eltern|abwesend,"raw_presence in {zuhause, bei_eltern} -> personal_present_no_autolock; == abwesend -> personal_away",benni_door_policy,policy.decide,L4,Ist der Nutzer persoenlich anwesend (unabhaengig vom Hold)?,bei_eltern = home-aequivalent,Blocker personal_present_no_autolock bzw. Freigabe fuer Auto-Lock,None/''/unknown -> Blocker presence_personal_missing,Blocker presence_personal_missing,"benni_door_policy/.../policy.py:52-56,143-183; coordinator.py:285",benni_door_policy/tests,SAME_TRUTH_PROJECTION (Roh-Presence als Attribut der abgeleiteten Entity),HIGH,Door liest damit Beobachtung UND Stabilisierung aus EINER Entity - ein gutes Muster fuer die Contract-Frage.
E-085,benni-core-state,coordinator,presence_effective,entity_state,sensor.benni_core_state_presence_effective (CLEAN slug),home|away|arriving|leaving|uncertain|stale,"state in ['home','away','arriving','leaving','uncertain','stale']",einhornzentrale,"packages/system/templates/toolbox_readiness.yaml:10,27",L0,Ist presence_effective im gueltigen Wertebereich?,Enum-Validierung,Readiness-Flag,False,False,"einhornzentrale/packages/system/templates/toolbox_readiness.yaml:10,27",-,Bindet den CLEAN Slug; door_policy bindet den system_-Slug,MEDIUM,NEW_FINDING: Zwei Consumer derselben Wahrheit binden auf zwei verschiedene Entity-IDs.
E-090,benni-core-state,logic.compute_presence_household,presence_household,entity_state,sensor.benni_core_state_presence_household,leer|nicht_leer,Roh-Uebernahme als Policy-Eingang,benni_light_policy,const.CONF_PRESENCE_HOUSEHOLD + policy.Context,L1,Ist der Haushalt belegt?,Roh-Uebernahme,Kontextfeld,None,None,benni_light_policy/.../const.py:276; policy.py:94,benni_light_policy/tests/light_policy,,MEDIUM,
E-091,benni-core-state,logic.compute_presence_household,presence_household,entity_state,ENTITY_PREFILL sensor.benni_combined_context_presence_household (LEGACY),leer|nicht_leer,Roh-Uebernahme,benni_climate_policy,context_resolver.py:71,L1,Ist der Haushalt belegt (Klima)?,Roh-Uebernahme,Klima-Kontext,None,None,benni_climate_policy/.../const.py:89; context_resolver.py:71,benni_climate_policy/tests,LEGACY_SECOND_TRUTH,MEDIUM,
E-092,benni-core-state,logic.compute_presence_household,presence_household,entity_state,sensor.benni_core_state_presence_household,leer|nicht_leer,${household} == true als Summand im Bereitschafts-Gate,einhornzentrale,benni_core_devices/import.yaml: plug_power_sources_ready + Light-Shadow-Quellen,L2,Sind die Plug-Power-Quellen bereit bzw. ist jemand im Haus?,boolesche Projektion,Combined-Output,false,fail_safe unknown,"einhornzentrale/benni_core_devices/import.yaml:660-670,2854-2856",-,,MEDIUM,Boolesche Interpretation eines deutschen String-Enums - die Typkonvertierung ist nicht sichtbar dokumentiert.
E-093,benni-core-state,logic.compute_presence_household,presence_household,entity_state,sensor.benni_core_state_presence_household,leer|nicht_leer,Roh-Echo,benni_media_state,coordinator._context_echo,L0,Was zeigt das Media-Cockpit?,Anzeige,Cockpit-Feld,None,None,benni_media_state/.../coordinator.py:572,-,,LOW,
E-095,benni-core-state,logic.compute_presence_band,presence_band,entity_state,ENTITY_PREFILL sensor.benni_combined_context_presence_band (LEGACY),home|preheat|near|far,"band in (""home"",""near"")",benni_climate_policy,coordinator.py:906-911,L4,Ist der Nutzer nah genug fuer die Nachtumstellung?,Naeheband als Gate,Nachtumstellung nur bei Naehe,keine Umstellung,keine Umstellung,benni_climate_policy/.../coordinator.py:906-911; const.py:88,benni_climate_policy/tests,LEGACY_SECOND_TRUTH,MEDIUM,
E-096,benni-core-state,logic.compute_presence_band,presence_band,entity_state,sensor.benni_core_state_presence_band,home|preheat|near|far,"band == ""preheat""",einhornzentrale,benni_core_devices/import.yaml: context_presence_preheat_active,L2,Ist Preheat aktiv?,1:1-Projektion des Bandwerts,boolescher Combined-Output,off,fail_safe unknown,einhornzentrale/benni_core_devices/import.yaml:526-546,-,DUPLICATE_CALCULATION: core_state publiziert bereits binary_sensor.*_presence_preheat_active,MEDIUM,NEW_FINDING: Zweitberechnung eines bereits publizierten Outputs in der YAML-Config.
E-097,benni-core-state,logic.compute_presence_band,presence_band,internal,ComputedState.presence_band,home|preheat|near|far,"band == ""far"" AND proximity_trend away_from_home",benni-core-state,logic.apply_activity_hold,L4,"Ist Abwesenheit hart genug, um einen weichen Activity-Hold zu brechen?",Far + Trend = bestaetigtes Weggehen,Soft-Hold gebrochen (siehe E-044),Hold bleibt,Hold bleibt,benni-core-state/.../logic.py:1785-1870,benni-core-state/tests/test_activity_hold.py,,HIGH,
E-100,benni-core-state,logic.compute_transition,presence_transition,entity_state,sensor.benni_core_state_presence_transition,none|coming_home|leaving_home|passing_through,"transition == ""coming_home""",benni_light_policy,policy._presence_sim_active (R12),L4,Soll die Anwesenheitssimulation sofort enden?,"coming_home beendet die Simulation, bevor presence_personal kippt",presence_sim inaktiv,Simulation laeuft weiter,Simulation laeuft weiter,benni_light_policy/.../policy.py:380-387; const.py:135,benni_light_policy/tests/light_policy,,MEDIUM,
E-101,benni-core-state,logic.compute_transition,presence_transition,entity_state,sensor.benni_core_state_presence_transition,none|coming_home|leaving_home|passing_through,Roh-Echo,benni_media_state,coordinator._context_echo,L0,Was zeigt das Media-Cockpit?,Anzeige,Cockpit-Feld,None,None,benni_media_state/.../coordinator.py:573,-,,LOW,
E-102,benni-core-state,logic.compute_transition,presence_transition,entity_state,ENTITY_PREFILL sensor.benni_combined_context_presence_transition (LEGACY),none|coming_home|leaving_home|passing_through,Roh-Uebernahme (none_is_valid=True),benni_climate_policy,context_resolver.py:74,L1,Bewegt sich der Nutzer auf das Haus zu?,Roh-Uebernahme,Klima-Kontext,'none' zaehlt als gueltig,None,benni_climate_policy/.../context_resolver.py:74,benni_climate_policy/tests,LEGACY_SECOND_TRUTH,LOW,
E-110,benni-core-state,startup_readiness_runtime,apply_ready,entity_state (binary),binary_sensor.<profil>_core_state_apply_ready (+ attr reason),on|off,is_on,benni_light_policy,const.CONF_SYSTEM_READY + startup_recovery.py,L4,Darf nach dem HA-Start ueberhaupt appliziert werden?,prozessweites Startup-Gate (zusaetzlich zur eigenen startup_block_seconds),Apply wird bis zur Freigabe geblockt,off ist bewusst der sichere Startwert,off -> blockiert,benni_light_policy/.../const.py:288; migration.py; docs/architecture/startup-apply-gate.md,benni_light_policy/tests/light_policy/test_migration.py,Migration clean <-> system_ Slug vorhanden,HIGH,Einziger publizierter prozessweiter Lifecycle-Contract von core_state.
E-111,benni-core-state,startup_readiness_runtime,apply_ready,entity_state (binary),binary_sensor.benni_core_state_apply_ready (+ attr reason),on|off,is_state on (Automations-Condition) bzw. Anzeige des reason-Attributs,einhornzentrale,packages/media/media_automations.yaml:9; packages/media/templates/radio.yaml:160-161; packages/system/templates/cutover.yaml:15-16,L4,Darf die TV-WoL-Automation bzw. der Radio-Pfad jetzt handeln?,Startup-Gate,Automation blockiert bis Freigabe; Diagnose-Attribute im Template,off -> Automation feuert nicht,off,einhornzentrale/packages/media/media_automations.yaml:9; templates/radio.yaml:160-161; packages/system/templates/cutover.yaml:15-16,-,,HIGH,"R12 TV-WoL haengt real an dieser YAML-Automation (OPR-013), nicht nur am Apply-Code."
E-115,ha_wake_planner,wake_planner entities,wake_needed,entity_state (binary),binary_sensor.wake_planner_benni_wake_needed,on|off,"is_on -> wake_needed (nur Fallback, wenn das interne sleep_window nicht verfuegbar ist)",benni-core-state,coordinator (wake_source legacy_fallback:wake_needed),L0,Steht ein geplanter Weckzeitpunkt an?,Legacy-Eingang,bio_state sleep -> waking (planned_wake),"internes sleep_window gewinnt, sobald verfuegbar",False,benni-core-state/.../coordinator.py (bio_state attrs wake_source); const.py CONF_WAKE_NEEDED; mapping.py 'wake_needed' (STATUS_PLANNED),benni-core-state/tests/test_wake_planning_shadow.py,LEGACY_TEMPORARY (Cutover in mapping.py als PLANNED gefuehrt),HIGH,"Wake ist der einzige Bereich, in dem core_state noch ein Fremd-Modul als Eingang fuehrt."
E-116,ha_wake_planner,wake_planner entities,wake_needed,entity_state (binary),binary_sensor.wake_planner_benni_wake_needed,on|off,steigende Flanke,benni_media_policy,logic.decide_action (manual_stop-Reset),L6,Soll der manuelle Stopp beim Wecken aufgehoben werden?,Wach-Flanke,manual_stop=False fuer EINEN Tick,None (nicht konfiguriert) -> kein Reset,kein Reset,benni_media_policy/.../logic.py:464-474; const.py CONF_WAKE_NEEDED,benni_media_policy/tests/test_logic.py,,MEDIUM,"CONFIRMED_CURRENT (= OPR-063): der Reset haelt nur einen Tick, wenn der externe Latch weiter on steht."
E-117,ha_wake_planner,wake_planner entities,wake_state / next_wake / holiday_active,entity_state,"sensor.wake_planner_benni_wake_state, sensor.*_next_wake, binary_sensor.*_holiday_active",scheduled|skipped|overridden|holiday|inactive / timestamp / on|off,Roh-Uebernahme als Shadow-Vergleichsquelle,benni-core-state,wake_planning.plan_wake + Vergleichsdiagnostik,L0,Was sagt der alte Planner (Vergleich zum internen Plan)?,"Shadow-Vergleich, keine Steuerung",attrs comparison_status/decided_by; core_state publiziert eigene Werte als sensor.*_core_state_wake_state,comparison_status legacy_unavailable / not_decidable,legacy_unavailable -> UX-Capability legacy_comparison=False,"benni-core-state/.../wake_planning.py:32-42,660-690; mapping.py 'wake_state' (STATUS_PLANNED)",benni-core-state/tests/test_wake_planning_shadow.py,DERIVED_DIFFERENT_SCOPE + geplanter Owner-Wechsel,MEDIUM,"Der Owner-Wechsel wake_planner -> core_state ist in mapping.py als Ziel erfasst, aber nicht vollzogen."
E-120,benni_media_state,logic.decide,media_context,entity_state,sensor.benni_media_state_media_context,idle|tv|streaming|gaming|private_time,"context == ""private_time""",benni_media_policy,logic.decide_owner,L3,Welcher Audio-Stack hat Vorrang?,hoechste Prioritaet,audio_owner=private_stack -> competes -> HomePods pausieren; audio_scenario=private; Denon-Cap,None -> owner none,unknown -> owner none -> Musik-Baseline,benni_media_policy/.../logic.py:247-264,benni_media_policy/tests/test_logic.py,,CRITICAL,
E-121,benni_media_state,logic.decide,media_context,entity_state,sensor.benni_media_state_media_context,idle|tv|streaming|gaming|private_time,"context == ""gaming""",benni_media_policy,logic.decide_owner + decide_audio_scenario,L3,Welcher Audio-Stack hat Vorrang?,Gaming-Stack,"audio_owner=gaming_stack, audio_scenario=gaming (detail=device)",owner none,owner none,"benni_media_policy/.../logic.py:259-262,269-289",benni_media_policy/tests/test_logic.py,,CRITICAL,
E-122,benni_media_state,logic.decide,media_context,entity_state,sensor.benni_media_state_media_context,idle|tv|streaming|gaming|private_time,"context in (""streaming"",""tv"")",benni_media_policy,logic.decide_owner + denon_audio_path,L3,Welcher Audio-Stack hat Vorrang?,TV/Denon-Stack,"audio_owner=tv_denon, audio_scenario=tv, Denon-Pfad aktiv",owner none,owner none,"benni_media_policy/.../logic.py:263-264,863-871",benni_media_policy/tests/test_logic.py,,CRITICAL,
E-123,benni_media_state,logic.decide,media_context + media_subcontext,entity_state,sensor.*_media_context + sensor.*_media_subcontext,idle|tv|streaming|gaming|private_time x gaming_default|gaming_grind|gaming_headset,"context == ""gaming"" AND subcontext == ""gaming_grind""",benni_media_policy,logic.is_grind,L2,Laeuft ein Gaming-Grind (Kulissen-Modus)?,Kombination zweier Entities,"competes=False (HomePods spielen weiter), Denon-Offset, Subwoofer immer aus",False,False,benni_media_policy/.../logic.py:316-318,benni_media_policy/tests/test_logic.py,,HIGH,media_state kennt seit v0.14.5 zusaetzlich Enum 3 (gaming_grind_preemptible); es existiert KEIN Subcontext-Wert dafuer.
E-124,benni_media_state,logic.decide,media_context + media_device,entity_state,sensor.*_media_context + sensor.*_media_device,idle|tv|streaming|gaming|private_time x none|tv|appletv|ps5|switch|pc|homepods|denon,"context == ""gaming"" AND device == ""pc""",benni_media_policy,logic.is_pc_gaming,L2,Laeuft das Spiel am PC (Headset statt Raum-Speaker)?,"device als Audio-Pfad-Indikator (Routing), nicht als Identitaet","competes=False -> HomePods-Musik laeuft weiter, Denon bleibt aus",False,False,benni_media_policy/.../logic.py:321-327,benni_media_policy/tests/test_logic.py,DERIVED_DIFFERENT_SCOPE: media_device traegt hier Routing-Semantik,HIGH,CONFIRMED_CURRENT (= OPR-100): media_device ist faktisch Routing-/Capability-Information.
E-125,benni_media_state,logic.decide,media_context + media_device + entertainment_active,entity_state,sensor.benni_media_state_media_context / _media_device / binary_sensor.*_entertainment_active,idle|tv|streaming|gaming|private_time x none|tv|appletv|ps5|switch|pc|homepods|denon,"entertainment_stable AND NOT guest AND (media_context in {tv, streaming} OR media_device == ""tv"")",benni_light_policy,policy._eval_cinema,L3,Soll Kino-Licht gelten?,"TV-Signal, nicht 'irgendein Entertainment'",Cinema-Look,beide None -> alte lose Regel (nur entertainment_stable),unknown -> kein Cinema,"benni_light_policy/.../policy.py:477-493; const.py:258,262",benni_light_policy/tests/light_policy,COMPATIBILITY: expliziter Backward-Compat-Zweig,HIGH,
E-126,benni_media_state,logic.decide,media_context + gaming_source,entity_state,sensor.benni_media_state_media_context + sensor.*_gaming_source,idle|tv|streaming|gaming|private_time x none|tv|pc,"media in {""movie"",""streaming"",""tv"",""video""} OR (media == ""gaming"" AND gaming_source == ""tv"")",plug_policy_engine,engine._decide_bias_light,L3,Soll das Bias Light an sein?,TV-Stack aktiv,"DESIRED_ON/OFF fuer die Bias-Light-Steckdose (mit tv_active-Gegenprobe, control#35)",want_on False -> OFF,'' -> OFF,plug_policy_engine/.../engine.py:467-496; const.py:138,plug_policy_engine/tests,COMPATIBILITY_ALIAS: 'movie' und 'video' sind tote Werte (media_state emittiert sie nicht),HIGH,"Einer der wenigen Consumer, die media_context DIREKT aus media_state beziehen."
E-127,benni_media_state,logic.decide,media_context,entity_state,sensor.benni_media_state_media_context (CONF_MEDIA_CONTEXT),idle|tv|streaming|gaming|private_time,Roh-Echo (KEINE Entscheidung),benni-core-state,coordinator attrs['activity_state']['media_context'],L0,Welcher Media-Kontext wird zur Diagnose angezeigt?,Debug-Attribut,Attribut am activity_state-Sensor,None,None,benni-core-state/.../coordinator.py:1289-1292; const.py CONF_MEDIA_CONTEXT,benni-core-state/tests/test_activity_decision_contract.py,Seit Activity v2 (FLEET-256) bewusst entscheidungsfrei,LOW,Wichtig: blind_control verwendet diese Attribute weiter (E-128) - ein 'nur Debug'-Feld hat damit einen realen Consumer.
E-128,benni-core-state,coordinator (Attribut-Echo aus media_state),media_context (als Attribut von activity_state),entity_attribute,attr media_context / media_activity_context am activity_state-Sensor,idle|tv|streaming|gaming|private_time / private_time|gaming|entertainment|music|idle,"Wert in tv_contexts {entertainment,tv,streaming,console,gaming_tv} bzw. pc_contexts {pc,pc_active,gaming_pc,workstation}",blind_control,coordinator._convert_activity,L1,Welche Bildschirmart ist aktiv?,zusaetzliche Evidenz neben state und gaming_platform,Normalisierung auf pc|tv|screen,leer -> ignoriert,'' -> ignoriert,blind_control/.../coordinator.py:899-950,blind_control/tests,,HIGH,NEW_FINDING: Ein als 'nur Debug' deklariertes Attribut ist faktisch Produktiv-Input einer anderen Domaene.
E-129,benni_media_state,logic.decide,media_context,entity_state,konfigurierte media_context_entity,idle|tv|streaming|gaming|private_time,Roh-Uebernahme in den Routing-Kontext,benni_notification_router,const.CONF_MEDIA_CONTEXT + routing.Context,L0,Welcher Medienkontext gilt fuer das Routing?,Roh-Uebernahme,Kontextfeld,None,None,benni_notification_router/.../const.py:13,-,,LOW,"Gebunden, aber ohne Praedikat auf main."
E-130,benni_media_state,logic.decide,media_context,entity_state,sensor.benni_media_state_media_context,idle|tv|streaming|gaming|private_time,Quellenrolle policy_media_scenario (Shadow-Inventar),einhornzentrale,benni_core_devices/import.yaml (Light-Policy-Shadow),L0,Welche Quellen speisen den Light-Policy-Shadow?,Quellendeklaration,Shadow-Inventar,-,-,einhornzentrale/benni_core_devices/import.yaml:2869-2874,-,,LOW,
E-135,benni_media_state,logic.detect_devices + decide,media_device,entity_state,sensor.benni_media_state_media_device,none|tv|appletv|ps5|switch|pc|homepods|denon,"device in DENON_CONSUMER_DEVICES = (tv, appletv, ps5, switch, pc)",benni_media_apply,coordinator._denon_consumer_active + logic.denon_consumer_holds,L4,"Soll der Denon-Nachlauf pausieren, weil ein anderer Konsument aktiv ist?","device als Liste der Denon-Konsumenten (Routing/Capability, NICHT Identitaet)",Denon-Off wird blockiert; fuer pc/tv zusaetzlich Power-Gegenprobe,ungebunden -> None -> konservativ kein Off,unknown/unavailable -> None -> konservativ kein Off,benni_media_apply/.../coordinator.py:485-503; const.py:87-105,benni_media_apply/tests (benni_media#14),,CRITICAL,"'denon', 'homepods' und 'none' zaehlen bewusst NICHT als Konsument (FLEET-80)."
E-136,benni_media_state,logic.decide,media_device,entity_state,sensor.benni_media_state_media_device,none|tv|appletv|ps5|switch|pc|homepods|denon,"Wechsel nach SCREEN_DEVICES = (tv, appletv) bei ausgeschaltetem TV",benni_media_apply,R12 TV-WoL (coordinator),L5,Muss der TV jetzt eingeschaltet werden?,device als Screen-Intent,"media_player.turn_on / WoL-Magic-Packet (real via YAML-Automation, siehe E-111)",kein Einschalten,kein Einschalten,"benni_media_apply/.../const.py:78-80; coordinator.py:1006-1008,2246-2266",benni_media_apply/tests (Issue #46),,CRITICAL,"Derselbe Wert traegt hier Screen-Intent, in E-135 Audio-Routing."
E-137,benni_media_state,logic.decide,media_device,entity_state,sensor.benni_media_state_media_device,none|tv|appletv|ps5|switch|pc|homepods|denon,"device in DENON_CONSUMER_POWER_CHECKED = (pc, tv) UND eigene Power-Quelle meldet explizit aus",benni_media_apply,logic.denon_consumer_holds,L4,Darf ein explizites Geraete-Aus ein stale media_device-Label ueberstimmen?,"Label ist beschreibend, Power ist autoritativ - aber nur wo eine eigene Quelle existiert",Nachlauf-Off wird doch erlaubt,appletv/ps5/switch bleiben konservativ,Power None -> konservativ,benni_media_apply/.../const.py:98-105; logic.py:1269-1305,benni_media_apply/tests (benni_media#14),,HIGH,
E-138,benni_media_state,logic.decide,media_device,entity_state,sensor.benni_media_state_media_device,none|tv|appletv|ps5|switch|pc|homepods|denon,device als audio_scenario_detail; device == 'pc' fuer is_pc_gaming (E-124),benni_media_policy,logic.decide_audio_scenario,L1,Welches Geraet beschreibt das Gaming-Szenario?,Anzeige-Detail,audio_scenario_detail,None,None,benni_media_policy/.../logic.py:277-280,benni_media_policy/tests/test_logic.py,,LOW,
E-139,benni_media_state,logic.decide,media_device,entity_state,sensor.benni_media_state_media_device,none|tv|appletv|ps5|switch|pc|homepods|denon,media_device == source_id (konfigurierte Gaming-Quelle) bzw. == 'tv',benni_light_policy,policy.make_gaming_policy + _eval_cinema,L4,Ist die konfigurierte Gaming-Quelle aktiv bzw. laeuft der TV?,device als Identitaet der Quelle,Gaming-Look je Quelle bzw. Cinema-Look,Gate zu,Gate zu,"benni_light_policy/.../policy.py:558-573,477-493",benni_light_policy/tests/light_policy,,HIGH,Dritte Bedeutung desselben Wertes: Identitaet (Licht) vs. Audio-Routing (E-135) vs. Screen-Intent (E-136).
E-140,benni-core-state,coordinator (Attribut-Echo),media_device (als Attribut),entity_attribute,attr media_device am activity_state-Sensor bzw. am activity_context-Sensor,none|tv|appletv|ps5|switch|pc|homepods|denon,Wert in pc_platforms bzw. tv_platforms -> explizite Screen-Klasse; zwei widerspruechliche Klassen -> ScreenEvidenceConflict,blind_control,coordinator._convert_activity (explicit-Block),L1,Welche Bildschirmart ist eindeutig belegt?,hoechstrangige Evidenz vor allen Ableitungen,canonical_screen_pc / canonical_screen_tv,leer -> naechste Evidenzstufe,Konflikt -> Exception -> Observation unusable,blind_control/.../coordinator.py:912-929,blind_control/tests,,HIGH,"'switch' ist in tv_platforms enthalten, 'appletv' NICHT - ein Apple-TV-Abend liefert damit keine explizite Screen-Klasse."
E-141,benni_media_state,logic.decide,media_device,entity_state,sensor.benni_media_state_media_device (CONF_MEDIA_DEVICE),none|tv|appletv|ps5|switch|pc|homepods|denon,Roh-Echo,benni-core-state,coordinator attrs['activity_state']['media_device'],L0,Welches Geraet wird zur Diagnose angezeigt?,Debug-Attribut,Attribut,None,None,benni-core-state/.../coordinator.py:1289-1291; const.py CONF_MEDIA_DEVICE,-,,LOW,Wird von blind_control weiterverwendet (E-140).
E-145,benni_media_state,logic.derive_activity_context,activity_context,feed (entity_state),sensor.system_benni_media_state_activity_context,private_time|gaming|entertainment|music|idle,"media_bucket_from_feed: Wert in {private_time, gaming, entertainment, music, free_time} -> Kandidat; idle/none/unknown/unavailable -> KEIN Kandidat",benni-core-state,logic.compute_activity_decision + media_bucket_from_feed,L2,Welchen Media-Anteil hat der Gesamt-Activity-State?,"Feed als einzige Media-Wahrheit, keine Roh-Detektion, kein Roh-Fallback",Kandidat im Praezedenz-Arbiter (sleep>waking>private_time>gaming>entertainment>music>work_home>household>pc_active>free_time>idle),kein Bucket -> idle bleibt sicherer Fallback,"unavailable/unknown -> Status unavailable/unknown -> kein Kandidat, fallback_reason gesetzt","benni-core-state/.../logic.py:1355-1357,1722-1734; const.py CONF_MEDIA_ACTIVITY_CONTEXT",benni-core-state/tests/test_activity_decision_contract.py; benni_media_state/tests/test_activity_context.py,"COMPATIBILITY_ALIAS: 'free_time' wird akzeptiert, vom aktuellen Producer nicht emittiert",CRITICAL,Die einzige echte Producer->Producer-Kante zwischen den beiden State-Engines.
E-146,benni_media_state,entities (Feed-Sensor),activity_context (Qualitaet),entity_attribute + Metadaten,last_updated/last_changed des Feed-Sensors + optionale Attribute quality/freshness/degraded,fresh|unknown|unavailable|stale|degraded,Alter > 1800 s (DEFAULT_ACTIVITY_FEED_FRESHNESS_SECONDS) -> stale; explizite Marker gewinnen,benni-core-state,logic._media_feed_status,L4,Ist der Media-Feed frisch und vertrauenswuerdig genug?,"consumer-seitiges Alters-Gate, weil der Producer KEIN Freshness-Feld publiziert",Feed wird als Kandidat zugelassen oder verworfen; quality_status/degraded_reason in activity_decision,ohne Zeitstempel und ohne Marker -> unknown (media_feed_freshness_missing),bleibt als sichtbarer Diagnose-Ausgang erhalten,benni-core-state/.../logic.py:1475-1535; const.py DEFAULT_ACTIVITY_FEED_FRESHNESS_SECONDS,benni-core-state/tests/test_activity_decision_contract.py,,HIGH,NEW_FINDING: Der Producer publiziert keine quality/freshness-Attribute; das Gate arbeitet ausschliesslich ueber last_updated. Ein eingefrorener Feed-Wert gilt bis zu 30 Minuten als frisch.
E-147,benni_media_state,logic.derive_activity_context,activity_context (attrs),entity_attribute,"activity_attrs: reason, hold_strength, device, media_device, media_context, media_subcontext, gaming_platform, gaming_source, private_time_active, entertainment_active, music_active, homepods_playing, denon_active",hold_strength: hard|soft|none; uebrige siehe jeweiliges Enum,Roh-Echo in activity_state-Attribute und in den live_status-Text,benni-core-state,coordinator attrs['activity_state'] + logic.compute_live_status,L0,Was zeigt der Cockpit-Text an?,Anzeige und Diagnose,"Attribute media_activity_reason, media_activity_hold_strength, title, artist, game_title, source_app; deutscher live_status-Text",feed_available False -> None,None,"benni-core-state/.../coordinator.py:1289-1320,1425-1460",benni-core-state/tests/test_live_status.py,,MEDIUM,NEW_FINDING: hold_strength (hard|soft) des Feeds wird NICHT fuer den Core-Hold verwendet - Core nutzt sein eigenes ACTIVITY_HOLD_STRENGTH (E-043). Zwei parallele Hold-Modelle.
E-148,benni_media_state,logic.derive_activity_context,activity_context,entity_attribute,attr media_activity_context am core_state activity_state-Sensor,private_time|gaming|entertainment|music|idle,Wert in tv_contexts/pc_contexts (siehe E-128),blind_control,coordinator._convert_activity,L1,Welche Bildschirmart ist aktiv?,Zweit-Evidenz,Normalisierung,ignoriert,ignoriert,blind_control/.../coordinator.py:899-950,blind_control/tests,,MEDIUM,Zweiter Hop derselben Media-Wahrheit ueber core_state in die Rollladen-Domaene.
E-155,benni_media_state,logic.decide,entertainment_active,entity_state (binary),binary_sensor.benni_media_state_entertainment_active,on|off,is_on (+ Stabilisierung im Light-Policy-Kontext),benni_light_policy,policy._eval_cinema (entertainment_stable),L3,Laeuft ein Bildschirm-Szenario?,"notwendige, nicht hinreichende Bedingung fuer Cinema",Cinema-Gate (zusammen mit E-125),kein Cinema,kein Cinema,benni_light_policy/.../const.py:282; policy.py:477-493,benni_light_policy/tests/light_policy,,HIGH,
E-156,benni_media_state,logic.decide,entertainment_active,entity_state (binary),binary_sensor.benni_media_state_entertainment_active,on|off,Roh-Uebernahme in den PolicyContext,plug_policy_engine,coordinator + engine.PolicyContext.entertainment_active,L0,Laeuft Entertainment (Diagnose)?,Roh-Uebernahme,Diagnose-Attribut; das Bias Light entscheidet bewusst NICHT hierueber,None,None,"plug_policy_engine/.../const.py:140; engine.py:47,244-246,468",plug_policy_engine/tests,,LOW,"Der Code-Kommentar sagt ausdruecklich: Bias Light folgt dem TV-Stack, nicht dem breiten entertainment-Flag."
E-157,benni_media_state,logic.decide,entertainment_active + headset_active,entity_state (binary),binary_sensor.*_entertainment_active / binary_sensor.*_headset_active,on|off,NOT entertainment_active -> Subwoofer aus; headset_active -> Subwoofer aus,benni_media_policy,logic.evaluate_subwoofer,L4,Darf der Subwoofer laufen?,"Bildschirm-Szenario notwendig, Headset verbietet",subwoofer_allowed=False mit Grund,aus (fail-closed),_bool(None) -> False -> aus,benni_media_policy/.../logic.py:885-906; coordinator.py:386-387,benni_media_policy/tests/test_logic.py,,MEDIUM,
E-158,benni_media_state,logic.decide,entertainment_active,entity_state (binary),binary_sensor.benni_media_state_entertainment_active (CONF_ENTERTAINMENT_ACTIVE),on|off,Roh-Echo,benni-core-state,coordinator attrs['activity_state']['entertainment_active'],L0,Diagnose,Debug-Attribut,Attribut,None,None,benni-core-state/.../coordinator.py:1289-1292,-,Seit Activity v2 entscheidungsfrei,LOW,Wird von blind_control als Evidenz gelesen (E-159).
E-159,benni-core-state,coordinator (Attribut-Echo),entertainment_active (als Attribut),entity_attribute,attr entertainment_active am activity_state-Sensor,true|false|None,entertainment is True -> tv_active; (True AND nicht tv_active) -> general_active,blind_control,coordinator._convert_activity,L1,Ist ein Bildschirm aktiv?,Evidenz fuer TV-Blendschutz,Normalisierung auf tv/screen,None -> ignoriert,None -> ignoriert,"blind_control/.../coordinator.py:896,931-947",blind_control/tests,,HIGH,
E-160,benni_media_state,logic.decide,entertainment_active,entity_state,sensor.benni_combined_media_entertainment_active (LEGACY-Projektion),on|off,Quelle fuer media_bias_light_should_be_on,einhornzentrale,benni_core_devices/import.yaml,L2,Soll das Bias Light an sein (Combined-Variante)?,boolesche Projektion,Combined-Output,-,fail_safe unknown,einhornzentrale/benni_core_devices/import.yaml:390-400,-,DUPLICATE_CALCULATION: plug_policy_engine entscheidet dieselbe Frage bereits (E-126),MEDIUM,NEW_FINDING: zwei parallele Bias-Light-Wahrheiten (YAML-Combined + plug_policy_engine).
E-165,benni_media_state,logic.presence_state_from_away + gate_away,presence_state + away_gate,entity_state,sensor.system_benni_media_state_presence_state / binary_sensor.system_benni_media_state_away_gate,zuhause|abwesend|unknown / on|off,"away_gate is True OR presence_state == ""abwesend""",benni_media_policy,logic.media_block_reason,L4,Soll Abwesenheit Medien hart blockieren?,hoechstpriorer Block,"scenario off, Pause laufender HomePods, Volume 0",None -> kein Block,"'unknown' ist bewusst KEIN Block (nur Resume-Hold, E-166)",benni_media_policy/.../logic.py:292-306; const.py PROFILE_PREFILL + LEGACY_ENTITY_MAP,benni_media_policy/tests/test_logic.py,Doppelte Lesung derselben Wahrheit (beide Werte stammen aus EINEM media_state-Compute),CRITICAL,Bindung auf den system_-Slug inkl. Legacy-Repoint vom clean slug.
E-166,benni_media_state,logic.presence_state_from_away,presence_state,entity_state,sensor.system_benni_media_state_presence_state,zuhause|abwesend|unknown,"presence_state == ""unknown"" OR presence_degraded (Entity gebunden, Wert None)",benni_media_policy,logic.presence_holds_resume,L4,Darf bei unklarer Presence automatisch gestartet/resumed werden?,"unknown haelt Auto-Start zurueck, pausiert aber NICHT",kein Auto-Start/Resume; laufende Musik bleibt,False,explizit als eigener Ausgang modelliert,benni_media_policy/.../logic.py:309-314; coordinator.py:390,benni_media_policy/tests/test_logic.py,,HIGH,Sauberes Beispiel fuer erhaltene unknown-Semantik.
E-167,benni_media_state,logic.presence_state_from_away + gate_away,presence_state + away_gate,entity_state,sensor.system_benni_media_state_presence_state / binary_sensor.system_benni_media_state_away_gate,zuhause|abwesend|unknown / on|off,textgleiche Kopie von E-165 und E-166,benni_media_apply,logic.media_block_reason + presence_holds,L4,Darf die Ausfuehrung jetzt ueberhaupt etwas tun?,identische Klassifikationslesung,Block bzw. Start-Hold vor jedem Service-Call,kein Block,unknown -> presence_unknown-Hold,benni_media_apply/.../logic.py:622-635; const.py PROFILE_PREFILL,benni_media_apply/tests,"SAME_TRUTH_PROJECTION (bewusst je Ebene ein eigenes Gate), textgleich aber mit anderen Folgen",HIGH,CONFIRMED_CURRENT (= OPR-020/OPR-021).
E-168,benni_media_state,entities (presence_state + attrs),presence_state (attr away_gate),entity_attribute,attr away_gate am media_state presence_state-Sensor,true|false,'away_gate' in attributes -> _canonical_bool(attr),blind_control,coordinator._convert_away + binding_suggestions._is_presence_contract,L1,Ist der Nutzer abwesend (Rollladen)?,Attribut hat Vorrang vor dem State-String,away-Observation -> Kandidat 'away' mit config.target('away'),ohne Attribut: 'abwesend'/'away'/'not_home' -> True; 'zuhause'/'home' -> False; sonst ValueError,'unknown' -> ValueError -> Observation unusable -> kein Away-Kandidat,"blind_control/.../coordinator.py:775-789; binding_suggestions.py:260-266,497-500",blind_control/tests,"UNCLEAR: die Auto-Suggestion bevorzugt das away_gate-Attribut, das NUR media_state publiziert; core_states kanonischer presence_away-Binary hat es nicht",CRITICAL,NEW_FINDING: core_states presence_away-Binary publiziert KEIN slug- und kein away_gate-Attribut und faellt damit durch _is_presence_contract; nur media_state erfuellt das Praedikat. Der Reason-String heisst trotzdem core_state_away_gate_attribute. Die Rollladen-Domaene bezieht ihre Away-Wahrheit damit sehr wahrscheinlich aus dem MEDIA-Stack inkl. 25-s-Debounce. Live-Bindung zu verifizieren.
E-170,benni_media_state,logic.evaluate_quiet,quiet_mode,entity_state (binary),binary_sensor.benni_media_state_quiet_mode (+ sensor quiet_mode_reason),on|off,is_on,benni_media_policy,logic.decide_volume + music_baseline_candidate,L4,Soll die Lautstaerke gedaempft werden?,"reines Volume-Overlay, KEIN Szenario",volume_policy=ducked (ducked_target); Musik-Baseline blockiert,normal,_bool(None) -> False -> normal,"benni_media_policy/.../logic.py:249-258 (Kommentar),365-380,578-691",benni_media_policy/tests/test_logic.py,FLEET-81/31: frueher fuehrte quiet zu owner=PRIVATE - bewusst getrennt,HIGH,
E-171,benni_media_state,logic.evaluate_quiet,quiet_mode,entity_state (binary),binary_sensor.benni_media_state_quiet_mode,on|off,is_on,benni_media_apply,Exec-Modus (EXEC_IMMEDIATE) + playback_repair_block_reason,L4,Muss sofort ausgefuehrt werden und darf ein Repair laufen?,"Quiet = beabsichtigtes Ducking, nicht reparieren",Sofort-Ausfuehrung ohne Debounce; Repair-Block 'intentional_ducking',Debounce-Pfad,False,benni_media_apply/.../const.py:70-73; logic.py (playback_repair_block_reason),benni_media_apply/tests,DERIVED_DIFFERENT_SCOPE (zwei Ebenen desselben Werts),MEDIUM,
E-172,benni_media_state,logic.evaluate_quiet,quiet_mode,entity_state (binary),konfigurierte quiet_mode_active_entity,on|off,quiet_mode_active AND NOT critical,benni_notification_router,routing.py:179-180,L4,Darf jetzt Ton ausgegeben werden?,Quiet = kein Media-Kanal,ROUTE_MEDIA verworfen,normale Zustellung,normale Zustellung,benni_notification_router/.../routing.py:179-180,-,,MEDIUM,Damit wirkt E-039 (activity==sleep -> quiet) indirekt auch auf die Benachrichtigungen.
E-173,benni_media_state,entities,quiet_mode,API (hass.data-Aggregation),media_state.quiet_mode bzw. media_policy.quiet_mode,on|off,"_first(state.quiet_mode, policy.quiet_mode)",benni_media,aggregator.py:174,L0,Was zeigt die Umbrella als Leise-Badge?,erste verfuegbare Quelle gewinnt,UX-Badge,None,None,benni_media/custom_components/benni_media/aggregator.py:174,-,SAME_TRUTH_PROJECTION,LOW,
E-175,benni_media_policy,logic.decide,action,entity_state,sensor.benni_media_policy_action,none|pause_homepods|resume_homepods|start_radio,Wert steuert den Ausfuehrungspfad; action == pause_homepods blockiert zusaetzlich Starts,benni_media_apply,coordinator (Ausfuehrung),L5,Welche Aktion soll ausgefuehrt werden?,Soll-Aktion,media_player-Service-Calls,'none',self._state(...) or 'none',benni_media_apply/.../const.py:65-70; coordinator.py (_build_inputs),benni_media_apply/tests,Enum-KOPIE in apply/const.py (kein Import),CRITICAL,Der Enum existiert zweimal als Literal (policy + apply); turn_off_denon existiert nur in apply.
E-176,benni_media_policy,logic.decide_owner,audio_owner,entity_state,sensor.benni_media_policy_audio_owner,none|homepods|tv_denon|gaming_stack|private_stack|sleep,"audio_owner == ""private_stack"" -> private_active (bool)",benni_media_apply,coordinator._build_inputs + Private-Exit-Delay,L2,Laeuft gerade Private Time (Ausfuehrungssicht)?,Owner als Private-Indikator,Private-Exit-Flanke -> Denon-Off-Delay,False,unknown/unavailable -> False (NICHT None) -> erzeugt eine falsche Exit-Flanke,"benni_media_apply/.../coordinator.py:571; logic.py:113-115,1179-1216",benni_media_apply/tests,,HIGH,"CONFIRMED_CURRENT (= OPR-051). AUDIO_OWNER_SLEEP ist definiert, wird aber nie emittiert (OPR-148)."
E-177,benni_media_policy,logic.decide_audio_scenario,audio_scenario,API (hass.data),"sensor.benni_media_policy_audio_scenario (+ label, detail)",off|private|gaming|tv|music,Roh-Uebernahme; idle_overview -> 'off' ueberschrieben,benni_media,aggregator.py:163-169,L0,Welches Audio-Szenario zeigt die Umbrella?,Desired-Audio-Wahrheit als Hero-Anzeige,UX-Felder audio_scenario / overview_audio_scenario,music ist die Baseline,None,benni_media/custom_components/benni_media/aggregator.py:163-169,-,,LOW,'off' als Overview-Wert existiert nur in der Umbrella-Projektion.
E-185,benni-core-state,coordinator (master),master_context,entity_state,sensor.benni_core_state_master_context,'<presence>.<bio>.<day_state>.<day_context>.<activity>' (gepunktete Verkettung),"state not in ['unknown','unavailable','none','']",einhornzentrale,"packages/system/templates/toolbox_readiness.yaml:15,32",L0,Ist der Master-Kontext verfuegbar?,Existenzpruefung,Readiness-Flag,False,False,"benni-core-state/.../coordinator.py:1175-1177; einhornzentrale/packages/system/templates/toolbox_readiness.yaml:15,32",-,SAME_TRUTH_PROJECTION (reine Verkettung),LOW,Einziger Consumer auf main; jeder Enum-Rename aendert diesen String implizit mit.
E-186,benni-core-state,logic.compute_live_status,live_status,entity_state,sensor.benni_core_state_live_status,freier deutscher Text (max. 250 Zeichen) + attrs,-,(kein Produktiv-Consumer auf origin/main gefunden),-,L0,Was soll das Cockpit als Klartext zeigen?,Anzeige-only,UX-Text; attrs tragen zusaetzlich mapping_contract_version und mapping_diagnostics,'','',benni-core-state/.../logic.py:1886-2050; coordinator.py:1418-1425; mapping.py 'live_status',benni-core-state/tests/test_live_status.py,,LOW,"Anzeige-only, ausdruecklich keine Policy. Kein Contract-Kandidat."
E-200,benni-core-state,coordinator,bio_state,entity_state,ENTITY_PREFILL sensor.benni_combined_context_bio_state (LEGACY),sleep|provisional_sleep|waking|awake,"bio in (""sleep"",""waking"") -> profile=""off""; Default bei fehlendem Kontext ist ""sleep""",benni_climate_policy,"policy.py:883,906 (Zonen-Heizprofil)",L3,Soll in dieser Zone geheizt werden?,sleep ODER waking = Heizung aus; provisional_sleep gilt NICHT als Schlaf,"profile=off mit reason bio_<wert>_forces_off (hoechste Prioritaet vor Fenster, Band, Tagesphase)","fehlender Kontext -> Default ""sleep"" -> Heizung aus (fail-safe kalt)","unknown/unavailable -> _context_value liefert den Default ""sleep"" -> Heizung aus","benni_climate_policy/custom_components/benni_climate_policy/policy.py:883,906",benni_climate_policy/tests,LEGACY_SECOND_TRUTH (Combined-ID) + abweichende Sleep-Menge,CRITICAL,"NEW_FINDING: Fuenfte Sleep-Definition im Stack ({sleep, waking}) - und die einzige, die waking als Schlaf mitzaehlt. Waehrend provisional_sleep heizt die Wohnung normal weiter."
E-201,benni-core-state,logic.compute_activity_decision,activity_state,entity_state,ENTITY_PREFILL sensor.benni_combined_context_activity_state (LEGACY),"sleep|waking|private_time|gaming|entertainment|music|work_home|household|pc_active|free_time|idle|work_away(publiziert, nie erzeugt)","activity == ""free_time"" AND day_state == ""early_night"" AND kein Sommermonat",benni_climate_policy,"policy.py:886,928",L3,Gilt der Abend-Komfortzuschlag?,free_time als Abend-Aufenthaltsindiz,abweichendes Heizprofil,"Default ""idle"" -> Regel greift nicht","unknown -> Default ""idle"" -> Regel greift nicht","benni_climate_policy/.../policy.py:886,928",benni_climate_policy/tests,LEGACY_SECOND_TRUTH; free_time ist seit Activity v1 deutlich seltener,HIGH,"NEW_FINDING: Die Auffaecherung von free_time in gaming/entertainment/music/pc_active hat diese Klima-Regel faktisch entwertet - abends laeuft meist entertainment oder gaming, nicht free_time."
E-202,benni-core-state,logic.compute_day_state,day_state,entity_state,ENTITY_PREFILL sensor.benni_combined_context_day_state (LEGACY),early_night|late_night|early_morning|forenoon|midday|afternoon|late_afternoon|evening|late_evening,"day_state in (""late_evening"",""early_night"",""late_night"",""night"") AND kein Sommermonat; Default ""late_night""",benni_climate_policy,"policy.py:887,910,933",L3,Gilt die Nachtabsenkung und der Sofort-Fensterstopp?,Nachtmenge inkl. des toten Werts 'night',Nachtprofil; Fensterstopp wirkt nachts sofort statt verzoegert,"Default ""late_night"" -> Nachtverhalten","unknown -> Default ""late_night"" -> Nachtverhalten","benni_climate_policy/.../policy.py:887,910,933",benni_climate_policy/tests,COMPATIBILITY_ALIAS: 'night' existiert in keiner Enum-Generation,HIGH,Fail-safe-Default ist bewusst konservativ (Nacht = sparsam).
E-203,benni-core-state,logic.compute_presence_band,presence_band,entity_state,ENTITY_PREFILL sensor.benni_combined_context_presence_band (LEGACY),home|preheat|near|far,"presence_band == ""far"" -> profile off; == ""preheat"" AND transition == ""passing_through"" -> eigener Zweig; Default ""far""",benni_climate_policy,"policy.py:884,914,918,972",L3,"Ist der Nutzer nah genug, dass geheizt werden soll?",Entfernungsband als Heiz-Gate,Heizprofil off bzw. Preheat-Zuschlag,"Default ""far"" -> Heizung aus","unknown -> Default ""far"" -> Heizung aus (fail-safe kalt)","benni_climate_policy/.../policy.py:884,914,918,972",benni_climate_policy/tests,LEGACY_SECOND_TRUTH,HIGH,"Zusammen mit E-200 und E-202 haengt die gesamte Heizsteuerung an Legacy-Entity-IDs, die core_state/mapping.py als replace_after_cutover fuehrt."
E-204,benni-core-state,logic.compute_transition,presence_transition,entity_state,ENTITY_PREFILL sensor.benni_combined_context_presence_transition (LEGACY),none|coming_home|leaving_home|passing_through,"transition == ""passing_through"" (kombiniert mit presence_band == ""preheat"")",benni_climate_policy,"policy.py:885,918",L4,Ist das nur ein Vorbeifahren (kein Vorheizen)?,Durchfahrt unterdrueckt den Preheat,kein Preheat-Zuschlag,"Default ""none""","unknown -> Default ""none""","benni_climate_policy/.../policy.py:885,918",benni_climate_policy/tests,LEGACY_SECOND_TRUTH,MEDIUM,
E-205,benni-core-state,coordinator,bio_state,entity_state,sensor.benni_combined_context_bio_state (LEGACY-ID im Template),sleep|provisional_sleep|waking|awake,"bio in ['sleep', 'sleeping']",einhornzentrale,packages/media/templates/radio.yaml:126-131,L3,Welcher Radiosender wird empfohlen?,sleep_like inkl. des nie emittierten Alias 'sleeping',recommended_station_key = none; recommendation_reason = bio_sleep,default_gayfm,unknown -> default_gayfm,einhornzentrale/packages/media/templates/radio.yaml:126-131,-,COMPATIBILITY_ALIAS 'sleeping' + LEGACY_SECOND_TRUTH (Combined-ID),MEDIUM,"NEW_FINDING: Sehr wahrscheinlich die Herkunft des 'sleeping'-Alias in media_policy (E-001) - dieses Template ist die einzige Fundstelle im gesamten Stack, die den Wert zusammen mit 'sleep' fuehrt."
